var_id	chrom	gene_id	gwas_pip	eqtl_pip	clpp	IS_POSITIVE
chr5_144989415	5	ENSG00000145817	0.9941	0.9966	0.0018	0
chr5_90350659	5	ENSG00000248323	0.9985	0.9961	0.0027	0
chr5_159609291	5	ENSG00000221886	0.9998	1.0014	0.0015	1
chr5_66456262	5	ENSG00000249364	0.999	1.0011	0.0019	0
chr5_34023147	5	ENSG00000168724	1.0006	0.9998	0.0037	1
chr5_15821684	5	ENSG00000272057	1.0019	0.9995	0.0015	0
chr5_127679181	5	ENSG00000138829	1.0025	0.9983	0.0019	0
chr5_150961670	5	ENSG00000113716	1.0005	0.9992	0.0018	0
chr5_135222338	5	ENSG00000113575	0.9985	1.0054	0.0017	0
chr5_140341745	5	ENSG00000170464	1.0001	1.0025	0.0021	0
chr5_177435962	5	ENSG00000146083	0.9999	0.9987	0.0014	0
chr5_37453904	5	ENSG00000079215	0.9973	0.9998	0.0016	0
chr5_167956194	5	ENSG00000254042	1.0056	1.0	0.0016	0
chr5_162540429	5	ENSG00000145864	1.0	1.0002	0.0016	0
chr5_193550	5	ENSG00000113504	1.0037	0.9965	0.0022	0
chr5_179465705	5	ENSG00000131459	1.0002	0.9964	0.0051	1
chr5_95829415	5	ENSG00000272109	0.9989	1.0001	0.0021	0
chr5_94977503	5	ENSG00000173221	0.9963	1.0	0.0732	1
chr5_57040484	5	ENSG00000164512	0.9972	1.0022	0.0015	0
chr5_76244068	5	ENSG00000113231	1.001	0.9997	0.0009	0
chr5_133680737	5	ENSG00000205089	1.0004	1.0012	0.0015	0
chr5_21120233	5	ENSG00000213430	0.9967	1.0012	0.0016	0
chr5_154878097	5	ENSG00000055147	1.0007	0.9986	0.0017	1
chr5_133758246	5	ENSG00000164615	1.0002	1.0016	0.0015	0
chr5_161213439	5	ENSG00000254373	0.9993	0.9954	0.0019	0
chr5_1775665	5	ENSG00000170561	0.9995	0.999	0.002	0
chr5_151282025	5	ENSG00000183876	1.003	1.0034	0.0018	0
chr5_76490325	5	ENSG00000122008	1.0	1.003	0.0015	0
chr5_35857105	5	ENSG00000113456	0.9979	1.0005	0.0026	0
chr5_155031027	5	ENSG00000037749	0.9999	1.0066	0.0015	0
chr5_135490610	5	ENSG00000280420	1.0	0.9978	0.0017	0
chr5_96283035	5	ENSG00000175471	0.9989	1.0024	0.0018	0
chr5_478351	5	ENSG00000049656	1.0012	0.9998	0.0009	0
chr5_169473789	5	ENSG00000145936	0.9991	1.0026	0.0025	1
chr5_176065761	5	ENSG00000251666	1.0018	0.9991	0.0017	0
chr5_61758170	5	ENSG00000186105	1.0003	0.9998	0.0016	0
chr5_20458633	5	ENSG00000183666	0.9984	0.9999	0.0014	0
chr5_175401270	5	ENSG00000170085	0.9977	0.9963	0.0016	0
chr5_133731114	5	ENSG00000113615	0.9991	1.0001	0.0033	0
chr5_179346202	5	ENSG00000245688	0.9989	0.9983	0.0015	0
chr5_73677449	5	ENSG00000049860	0.9959	0.9999	0.0696	1
chr5_55609647	5	ENSG00000280159	0.988	1.0014	0.0015	0
chr5_32520490	5	ENSG00000113360	1.0062	1.0006	0.0016	0
chr5_140139596	5	ENSG00000120725	0.9999	1.0006	0.0014	0
chr5_56475545	5	ENSG00000250961	0.9986	0.9998	0.0013	0
chr5_34884483	5	ENSG00000151388	1.0017	1.0003	0.0015	0
chr5_176523623	5	ENSG00000198055	1.0043	0.9993	0.0046	0
chr5_134078629	5	ENSG00000247627	1.0014	1.0	0.0052	0
chr5_76896192	5	ENSG00000213763	1.0028	0.9999	0.0028	0
chr5_180730082	5	ENSG00000222448	0.9992	0.9989	0.0016	0
chr5_142112593	5	ENSG00000120324	0.9951	0.9996	0.0015	0
chr5_137113650	5	ENSG00000078795	0.9974	1.0	0.0011	0
chr5_37543358	5	ENSG00000279400	1.0023	0.9991	0.0017	0
chr5_50030643	5	ENSG00000271752	0.9977	1.0002	0.0023	0
chr5_74370546	5	ENSG00000145741	0.9997	0.9974	0.0016	0
chr5_81174627	5	ENSG00000251495	1.0007	1.0002	0.0021	0
chr5_53983685	5	ENSG00000249899	1.0	1.0039	0.001	0
chr5_37874307	5	ENSG00000145623	0.9987	0.9916	0.0016	0
chr5_164416415	5	ENSG00000038274	0.9999	0.9955	0.0016	0
chr5_112576151	5	ENSG00000171444	0.9986	0.9982	0.0018	0
chr5_179009910	5	ENSG00000249412	1.0047	0.9994	0.0014	0
chr5_171812414	5	ENSG00000253966	1.0	1.0002	0.0014	0
chr5_629439	5	ENSG00000248126	0.9975	0.9994	0.0016	0
chr5_38432762	5	ENSG00000113600	1.0001	0.9997	0.0017	0
chr5_174821595	5	ENSG00000185056	0.999	0.9951	0.0016	0
chr5_20615971	5	ENSG00000272130	0.9968	0.9999	0.0021	0
chr5_133232271	5	ENSG00000072682	1.0021	0.9971	0.0019	0
chr5_176410723	5	ENSG00000184845	1.0001	1.004	0.0015	0
chr5_178865109	5	ENSG00000161013	0.9982	1.0001	0.0015	0
chr5_167559304	5	ENSG00000113643	0.998	1.0	0.0029	0
chr5_135886060	5	ENSG00000249119	0.9992	1.0	0.002	0
chr5_176562027	5	ENSG00000113749	0.9999	0.9997	0.0011	0
chr5_136867977	5	ENSG00000146021	0.9971	1.0001	0.0129	1
chr5_150171406	5	ENSG00000157510	0.9979	1.0004	0.0016	0
chr5_56897840	5	ENSG00000227908	0.9999	0.9993	0.0017	0
chr5_178958845	5	ENSG00000218227	0.9991	0.9972	0.0015	0
chr5_54412383	5	ENSG00000067248	0.9965	1.0003	0.0044	0
chr5_139794140	5	ENSG00000113108	1.0051	0.9997	0.001	0
chr5_171741568	5	ENSG00000204764	1.0002	0.9984	0.0028	0
chr5_118574917	5	ENSG00000133835	0.9932	1.0027	0.002	0
chr5_149417095	5	ENSG00000019582	1.0013	0.9996	0.0017	0
chr5_116770132	5	ENSG00000145782	0.9999	1.0012	0.0012	0
chr5_121291082	5	ENSG00000247311	0.9979	1.0052	0.0011	0
chr5_38041328	5	ENSG00000244073	0.9999	0.9972	0.0018	0
chr5_59414971	5	ENSG00000152932	0.9975	0.9979	0.0015	0
chr5_92783152	5	ENSG00000175745	0.998	0.9953	0.0015	0
chr5_96622115	5	ENSG00000175449	0.9997	0.9985	0.0009	0
chr5_31308154	5	ENSG00000250764	0.9975	0.9982	0.0017	0
chr5_180662778	5	ENSG00000204659	1.0	0.9965	0.001	0
chr5_131830321	5	ENSG00000234290	1.0004	0.9989	0.0101	1
chr5_161249595	5	ENSG00000135083	1.0	1.0065	0.0013	0
chr5_119821197	5	ENSG00000169570	0.9983	0.9978	0.0018	0
chr5_140615890	5	ENSG00000146001	1.0019	1.0	0.0011	0
chr5_143076041	5	ENSG00000131507	0.9961	0.998	0.0014	0
chr5_119974641	5	ENSG00000249494	0.9994	0.9982	0.0012	0
chr5_83235256	5	ENSG00000186468	0.9959	0.9982	0.0028	0
chr5_61216392	5	ENSG00000113448	0.9953	0.998	0.0047	0
chr5_180154528	5	ENSG00000168903	1.0044	0.9999	0.0013	0
chr5_175657330	5	ENSG00000120149	0.9976	0.9997	0.0021	0
chr5_70112792	5	ENSG00000145736	0.9999	0.9998	0.0416	0
chr5_143305592	5	ENSG00000187678	1.001	0.9977	0.0015	0
chr5_63297431	5	ENSG00000068796	0.9999	0.9988	0.0019	0
chr5_143103947	5	ENSG00000231185	1.0015	0.999	0.0016	0
chr5_78283296	5	ENSG00000132837	1.0003	0.9995	0.0019	0
chr5_140151423	5	ENSG00000015479	1.0038	1.0016	0.0016	0
chr5_142180607	5	ENSG00000254245	0.9968	0.9993	0.0015	0
chr5_41054267	5	ENSG00000151876	0.998	0.997	0.0013	0
chr5_104154273	5	ENSG00000181751	0.9996	0.9999	0.0015	0
chr5_142060586	5	ENSG00000272108	1.0036	0.9997	0.0015	0
chr5_169307096	5	ENSG00000043462	1.0019	1.0002	0.0022	0
chr5_142840451	5	ENSG00000226040	1.0052	1.0019	0.0014	0
chr5_148679249	5	ENSG00000176049	0.993	1.0021	0.0019	0
chr5_81148372	5	ENSG00000164300	1.0	1.0054	0.002	0
chr5_33268823	5	ENSG00000150712	1.0001	0.9993	0.0017	0
chr5_38106585	5	ENSG00000164327	1.0029	0.9999	0.0041	0
chr5_61861770	5	ENSG00000049167	0.9975	1.002	0.0018	0
chr5_128257509	5	ENSG00000145794	1.0056	0.9985	0.0014	0
chr5_111300623	5	ENSG00000251076	1.0001	0.9991	0.0014	0
chr5_133285797	5	ENSG00000081059	0.9978	1.003	0.002	0
chr5_107788676	5	ENSG00000272523	1.0015	0.9956	0.0023	1
chr5_70047054	5	ENSG00000134056	0.9988	1.0001	0.0302	0
chr5_156890802	5	ENSG00000155858	1.0055	0.9983	0.0015	0
chr5_97715297	5	ENSG00000164307	1.0017	0.9955	0.0016	0
chr5_42525827	5	ENSG00000112972	0.998	0.9999	0.0017	0
chr5_178349369	5	ENSG00000087116	0.9995	1.0	0.0017	1
chr5_96640010	5	ENSG00000250240	1.0026	0.9982	0.0013	0
chr5_96637130	5	ENSG00000251348	0.9999	1.0023	0.0011	0
chr5_131986191	5	ENSG00000164404	0.9992	0.9999	0.0013	0
chr5_70157981	5	ENSG00000134057	1.0	0.9998	0.0333	0
chr5_117457204	5	ENSG00000249167	1.0034	1.0036	0.0015	0
chr5_82121402	5	ENSG00000247572	0.9954	1.0014	0.0014	0
chr5_177416537	5	ENSG00000048140	1.0012	0.9976	0.0015	0
chr5_140341246	5	ENSG00000178913	0.9979	0.9966	0.0025	1
chr5_174507066	5	ENSG00000164466	1.0014	1.0001	0.0021	0
chr5_138622140	5	ENSG00000170469	0.9986	0.9998	0.0018	0
chr5_140453467	5	ENSG00000253846	1.0094	0.9976	0.0017	0
chr5_96204485	5	ENSG00000153347	0.999	0.9974	0.0037	0
chr5_160086111	5	ENSG00000164330	0.9943	0.9988	0.0014	0
chr5_76035460	5	ENSG00000164252	1.0019	0.9973	0.001	1
chr5_64788697	5	ENSG00000123213	1.0016	0.9999	0.0797	1
chr5_95384582	5	ENSG00000185261	0.9915	0.9995	0.0015	1
chr5_140146159	5	ENSG00000113209	1.0001	0.9992	0.0013	0
chr5_2724166	5	ENSG00000171421	1.0	0.9996	0.0012	0
chr5_174933899	5	ENSG00000170091	1.0011	1.0023	0.0015	0
chr5_150601978	5	ENSG00000155846	1.0047	1.002	0.0015	0
chr5_10606453	5	ENSG00000169777	1.0	0.997	0.0013	0
chr5_139153649	5	ENSG00000094880	1.0	0.9993	0.0013	0
chr5_177982055	5	ENSG00000178187	0.9954	1.0005	0.0048	0
chr5_125528002	5	ENSG00000250602	1.0026	0.991	0.0196	1
chr5_140591932	5	ENSG00000261934	0.9948	1.0004	0.0303	1
chr5_146736486	5	ENSG00000156463	1.0016	1.0053	0.0013	0
chr5_132250278	5	ENSG00000279370	0.9993	1.0026	0.0016	1
chr5_127449618	5	ENSG00000164904	0.9991	0.9957	0.0015	0
chr5_63314362	5	ENSG00000086189	0.9999	1.0012	0.0014	0
chr5_89709750	5	ENSG00000176018	0.9986	1.0034	0.0016	0
chr5_127291541	5	ENSG00000250329	0.994	1.0061	0.0014	0
chr5_140620228	5	ENSG00000131504	0.9982	1.0006	0.0016	0
chr5_53697272	5	ENSG00000152684	0.9998	1.0033	0.0024	0
chr5_138414369	5	ENSG00000228672	0.9997	0.9999	0.1938	1
chr5_151226974	5	ENSG00000070808	0.9977	1.0042	0.0016	0
chr5_116189374	5	ENSG00000243304	1.0028	0.9991	0.0016	0
chr5_177412889	5	ENSG00000113194	0.9996	1.0001	0.0012	0
chr5_176800490	5	ENSG00000247679	0.9991	1.0002	0.0019	0
chr5_91399465	5	ENSG00000176055	1.0	0.9981	0.001	0
chr5_139761124	5	ENSG00000170445	0.9982	1.0001	0.0141	1
chr5_70047403	5	ENSG00000197822	0.9999	1.0001	0.0147	0
chr5_26600228	5	ENSG00000250337	0.9963	1.0	0.0018	0
chr5_139881420	5	ENSG00000204965	0.999	1.0151	0.0023	0
chr5_139990039	5	ENSG00000251664	0.9991	1.0	0.0035	0
chr5_7517002	5	ENSG00000272049	0.9995	0.9998	0.0402	1
chr5_96601597	5	ENSG00000164292	0.9993	0.999	0.0014	0
chr5_85644263	5	ENSG00000127184	1.0009	0.9981	0.0016	0
chr5_142083578	5	ENSG00000112852	1.0009	1.0031	0.0015	0
chr5_121169928	5	ENSG00000164185	1.0001	0.9949	0.0015	0
chr5_70001160	5	ENSG00000172058	1.0	1.0	0.0273	0
chr5_13640508	5	ENSG00000145569	0.9994	0.9999	0.002	0
chr5_36924249	5	ENSG00000145604	0.9982	0.9971	0.0016	0
chr5_148024219	5	ENSG00000156475	1.0025	0.9982	0.0022	0
chr5_145201707	5	ENSG00000251556	0.9948	0.9998	0.0124	1
chr5_124322718	5	ENSG00000168944	0.9988	1.0029	0.0013	0
chr5_139557023	5	ENSG00000253404	1.0029	1.0029	0.0013	0
chr5_44577468	5	ENSG00000224993	1.0	1.0048	0.0013	0
chr5_76657267	5	ENSG00000244363	0.9978	0.9999	0.0018	0
chr5_175476764	5	ENSG00000175416	0.9995	1.0	0.3257	1
chr5_104056747	5	ENSG00000145723	0.9998	0.9992	0.0022	0
chr5_179856397	5	ENSG00000177932	0.9969	1.001	0.0016	0
chr5_158365970	5	ENSG00000113302	1.0021	0.9977	0.0032	1
chr5_55156436	5	ENSG00000134352	1.0001	0.9996	0.0015	0
chr5_66441462	5	ENSG00000113593	0.9986	1.0006	0.0015	0
chr5_54080624	5	ENSG00000247796	1.0	0.9991	0.0025	0
chr5_118832438	5	ENSG00000249797	0.9996	0.9982	0.0015	0
chr5_139852420	5	ENSG00000204969	1.001	0.9998	0.0018	0
chr5_77722758	5	ENSG00000164251	0.9906	0.9953	0.0015	0
chr5_140601741	5	ENSG00000253910	1.0009	0.9997	0.0116	1
chr5_150899421	5	ENSG00000155850	1.0008	1.0025	0.0018	0
chr5_44057505	5	ENSG00000172262	0.9987	0.9982	0.0013	0
chr5_76221738	5	ENSG00000113161	1.0004	0.9963	0.0014	0
chr5_176613840	5	ENSG00000027847	0.9966	0.9999	0.0014	0
chr5_42745405	5	ENSG00000248668	0.9976	0.9986	0.0018	0
chr5_179340510	5	ENSG00000050748	1.0	0.9999	0.2093	1
chr5_42423356	5	ENSG00000151882	0.9976	0.9973	0.0018	0
chr5_133776767	5	ENSG00000164402	0.9981	1.0011	0.0019	0
chr5_18235545	5	ENSG00000223361	0.9992	1.001	0.0021	0
chr5_15792132	5	ENSG00000250415	1.0006	0.9993	0.0017	0
chr5_159273657	5	ENSG00000170234	1.0003	1.0001	0.0021	0
chr5_57885958	5	ENSG00000271828	0.9995	1.0014	0.004	0
chr5_133617372	5	ENSG00000230612	0.9962	1.0024	0.0012	1
chr5_11174848	5	ENSG00000145495	1.004	0.999	0.0014	0
chr5_168743195	5	ENSG00000040275	1.0022	1.0	0.0013	0
chr5_126178054	5	ENSG00000164241	1.006	1.0056	0.0034	1
chr5_40905202	5	ENSG00000083720	0.9973	1.0032	0.0013	0
chr5_87543057	5	ENSG00000164180	1.002	1.0	0.0085	0
chr5_114945616	5	ENSG00000129596	0.9986	1.001	0.0017	0
chr5_175563229	5	ENSG00000074276	0.998	0.9994	0.3751	1
chr5_132101869	5	ENSG00000158985	1.0003	0.9978	0.0008	0
chr5_78831989	5	ENSG00000171530	0.9991	0.9988	0.0027	0
chr5_36802466	5	ENSG00000279737	0.9998	0.9993	0.0027	1
chr5_115181795	5	ENSG00000145781	0.9989	1.0002	0.0016	0
chr5_41679930	5	ENSG00000113638	1.0022	1.0028	0.0015	0
chr5_62472509	5	ENSG00000178722	0.9976	0.9958	0.0016	0
chr5_150735605	5	ENSG00000260581	0.9959	0.9991	0.0017	0
chr5_172067178	5	ENSG00000113719	0.997	0.9992	0.0016	0
chr5_66563087	5	ENSG00000123219	0.9998	1.0013	0.0034	0
chr5_66895289	5	ENSG00000269961	1.0001	1.0065	0.0019	0
chr5_66566868	5	ENSG00000113595	1.0009	1.0003	0.0015	0
chr5_112968040	5	ENSG00000134986	0.9999	1.0003	0.0012	0
chr5_144258951	5	ENSG00000215325	0.9983	1.0005	0.0017	0
chr5_150800555	5	ENSG00000145907	1.0006	1.0016	0.0018	0
chr5_174440836	5	ENSG00000253141	1.0001	0.999	0.0013	0
chr5_180284914	5	ENSG00000146063	0.9985	1.0052	0.0016	0
chr5_143651798	5	ENSG00000113578	0.997	0.9946	0.0012	0
chr5_76280630	5	ENSG00000242198	0.9918	1.0003	0.0029	0
chr5_143550243	5	ENSG00000236714	0.9956	0.9976	0.0015	0
chr5_35543164	5	ENSG00000271874	1.001	1.0045	0.0018	0
chr5_107730604	5	ENSG00000244245	0.9971	0.9977	0.0016	0
chr5_99074040	5	ENSG00000271207	0.9975	0.9998	0.2617	1
chr5_153969715	5	ENSG00000082515	0.9969	1.0	0.0014	0
chr5_172048225	5	ENSG00000037241	0.9977	0.9983	0.0021	0
chr5_145563791	5	ENSG00000091010	1.0053	1.0025	0.0016	0
chr5_69984491	5	ENSG00000273841	1.001	0.9992	0.0081	0
chr5_38228115	5	ENSG00000197603	0.9996	0.9998	0.0107	0
chr5_121743658	5	ENSG00000248927	0.9994	0.9993	0.0017	0
chr5_80393068	5	ENSG00000131730	0.9987	0.9968	0.0016	0
chr5_178586705	5	ENSG00000253520	0.9986	0.9993	0.0017	0
chr5_137657301	5	ENSG00000120738	1.0012	0.9974	0.012	0
chr5_50502947	5	ENSG00000259663	1.0021	1.0003	0.0058	1
chr5_89869014	5	ENSG00000081189	0.9997	1.0011	0.0011	0
chr5_140648179	5	ENSG00000240184	0.9986	0.9986	0.0013	0
chr5_159908845	5	ENSG00000245812	1.0049	1.0011	0.0015	0
chr5_54381124	5	ENSG00000039123	0.9997	1.0008	0.0063	1
chr5_148606062	5	ENSG00000113712	0.9954	0.9994	0.0012	0
chr5_139883710	5	ENSG00000243056	0.9992	1.0034	0.0013	0
chr5_5715985	5	ENSG00000037474	0.9968	0.9993	0.0121	1
chr5_1404589	5	ENSG00000188242	0.9997	1.0055	0.0013	0
chr5_52219021	5	ENSG00000272123	0.9979	1.0046	0.0016	0
chr5_113095410	5	ENSG00000224032	1.0008	1.0038	0.0016	0
chr5_74663434	5	ENSG00000113163	0.9981	1.0002	0.0019	0
chr5_131946860	5	ENSG00000164406	1.0003	0.9998	0.0014	0
chr5_114280500	5	ENSG00000152503	0.9984	0.9999	0.0014	0
chr5_70052878	5	ENSG00000249295	1.0	1.0	0.0193	0
chr5_180389733	5	ENSG00000233937	1.0006	1.0002	0.0024	0
chr5_45738123	5	ENSG00000251141	0.9995	0.9989	0.0015	0
chr5_159853951	5	ENSG00000118322	1.002	1.0	0.0024	0
chr5_79534472	5	ENSG00000152380	1.0005	0.9982	0.0015	0
chr5_133192809	5	ENSG00000224431	1.003	1.002	0.0016	0
chr5_68150747	5	ENSG00000134061	1.0005	0.9954	0.0013	0
chr5_158174001	5	ENSG00000279204	0.999	1.0005	0.0016	0
chr5_45344196	5	ENSG00000070193	1.0003	0.9997	0.0013	0
chr5_177106235	5	ENSG00000250101	0.9903	0.9979	0.0018	0
chr5_177310308	5	ENSG00000122203	1.0043	1.0037	0.0016	0
chr5_141070144	5	ENSG00000081791	0.9988	0.9978	0.0067	1
chr5_96103663	5	ENSG00000251513	0.9966	1.0002	0.0023	0
chr5_76138961	5	ENSG00000132846	0.9981	1.006	0.0074	1
chr5_41697667	5	ENSG00000112936	0.9946	0.9971	0.002	0
chr5_36825921	5	ENSG00000164187	1.0065	0.9999	0.002	1
chr5_77995066	5	ENSG00000113273	0.9991	0.9995	0.0018	0
chr5_142329998	5	ENSG00000254122	0.9985	1.0045	0.0014	0
chr5_139056039	5	ENSG00000112981	0.9977	1.0014	0.0019	0
chr5_134486832	5	ENSG00000113648	1.0008	1.0059	0.0201	1
chr5_53509106	5	ENSG00000169271	1.0047	1.0007	0.0022	0
chr5_166462774	5	ENSG00000145934	0.9965	0.9997	0.0025	1
chr5_138735335	5	ENSG00000250159	0.9999	1.0065	0.0014	0
chr5_133025738	5	ENSG00000271737	1.0044	1.0001	0.0013	0
chr5_171039708	5	ENSG00000234511	0.9947	0.997	0.0013	0
chr5_114654161	5	ENSG00000249249	1.001	0.9999	0.0012	0
chr5_99777031	5	ENSG00000279232	1.0	1.0027	0.0014	0
chr5_133521361	5	ENSG00000248559	0.9996	0.9903	0.0009	0
chr5_178984787	5	ENSG00000145911	1.0012	0.9977	0.0014	0
chr5_171768594	5	ENSG00000214357	1.0025	1.0	0.0017	0
chr5_133426658	5	ENSG00000279469	1.0026	0.9999	0.0011	0
chr5_37859972	5	ENSG00000251189	1.0013	0.993	0.001	0
chr5_176572761	5	ENSG00000113758	1.0016	1.0	0.0032	0
chr5_92279332	5	ENSG00000113369	0.9964	0.9968	0.0017	0
chr5_1411141	5	ENSG00000221990	1.0	1.0	0.0011	0
chr5_121789540	5	ENSG00000205302	1.0004	1.0	0.0015	0
chr5_142129816	5	ENSG00000197479	0.9998	0.9988	0.0014	0
chr5_81943058	5	ENSG00000248794	0.998	0.9992	0.0013	0
chr5_155742622	5	ENSG00000170271	1.0007	0.9981	0.0015	0
chr5_33396693	5	ENSG00000056097	0.9994	0.9991	0.0016	0
chr5_150196123	5	ENSG00000249669	0.9986	1.0022	0.0016	0
chr5_11123739	5	ENSG00000248968	0.9981	0.999	0.0015	0
chr5_81627156	5	ENSG00000249655	0.9999	0.9998	0.0063	0
chr5_81409579	5	ENSG00000113318	0.9981	0.998	0.0015	0
chr5_149638737	5	ENSG00000171992	0.9993	0.9999	0.0026	0
chr5_76306878	5	ENSG00000271815	1.0005	1.0008	0.0017	0
chr5_15448269	5	ENSG00000248791	1.0041	1.0019	0.0016	0
chr5_114981066	5	ENSG00000177879	0.9973	0.9999	0.0023	0
chr5_175182420	5	ENSG00000248469	1.0039	1.003	0.0018	0
chr5_140266016	5	ENSG00000279375	0.999	0.9992	0.0066	0
chr5_127337650	5	ENSG00000155324	1.0034	0.9975	0.0026	0
chr5_162477073	5	ENSG00000170584	1.0011	0.9997	0.0016	0
chr5_134491764	5	ENSG00000255833	1.0011	0.9981	0.0015	0
chr5_153566558	5	ENSG00000245275	0.9982	1.0	0.0012	0
chr5_43945441	5	ENSG00000177738	1.0021	0.9992	0.0015	0
chr5_139097608	5	ENSG00000158402	1.006	1.0075	0.0014	0
chr5_133240448	5	ENSG00000197208	0.9996	0.9967	0.0022	0
chr5_5794846	5	ENSG00000112941	0.9977	1.0	0.0012	0
chr5_80673	5	ENSG00000180104	1.0002	0.9988	0.0495	1
chr5_55839415	5	ENSG00000164283	0.9993	0.9982	0.0017	1
chr5_78764456	5	ENSG00000152413	0.9982	0.9997	0.0012	0
chr5_130820167	5	ENSG00000198108	0.9992	1.0045	0.0015	0
chr5_150789328	5	ENSG00000275765	0.998	1.0009	0.0016	0
chr5_140279568	5	ENSG00000275506	0.998	0.9955	0.0025	0
chr5_149779260	5	ENSG00000086589	1.0002	0.9982	0.1046	1
chr5_36839828	5	ENSG00000168685	0.9977	1.0001	0.0013	0
chr5_94705203	5	ENSG00000145757	1.0121	0.9999	0.1821	1
chr5_36787362	5	ENSG00000152611	0.9998	0.9964	0.0023	0
chr5_158101278	5	ENSG00000155868	0.9984	1.0012	0.0015	0
chr5_142060710	5	ENSG00000177839	1.0007	1.0057	0.0016	0
chr5_179472410	5	ENSG00000250509	0.9979	0.9976	0.0023	1
chr5_181223744	5	ENSG00000113300	0.9987	1.0004	0.0014	0
chr5_1489133	5	ENSG00000066230	0.9948	0.9965	0.0019	0
chr5_149150670	5	ENSG00000214510	1.0011	0.9982	0.0017	0
chr5_140281331	5	ENSG00000081818	0.9982	1.0004	0.0613	1
chr5_11193974	5	ENSG00000150756	0.9984	0.9971	0.0016	0
chr5_179215029	5	ENSG00000113269	1.0026	0.9999	0.0016	0
chr5_61971639	5	ENSG00000276945	0.999	0.9986	0.0015	0
chr5_75692511	5	ENSG00000164346	1.0001	1.0012	0.0015	0
chr5_181204817	5	ENSG00000253908	0.9997	0.998	0.0016	0
chr5_33132712	5	ENSG00000082196	0.9991	1.0003	0.0017	0
chr5_132730960	5	ENSG00000279584	0.9999	1.0001	0.0013	0
chr5_81407452	5	ENSG00000228716	0.9996	0.9993	0.0015	1
chr5_140498999	5	ENSG00000276545	0.9986	1.0	0.0014	0
chr5_78286064	5	ENSG00000251400	1.0002	1.0002	0.0014	1
chr5_70548210	5	ENSG00000230847	0.9998	0.9999	0.0201	0
chr5_140555611	5	ENSG00000253485	0.9966	1.0	0.0035	1
chr5_53611223	5	ENSG00000213949	1.0055	1.0005	0.0019	0
chr5_12797102	5	ENSG00000169862	1.0	0.9979	0.0018	0
chr5_158244781	5	ENSG00000172568	1.0002	0.9986	0.0016	0
chr5_133907255	5	ENSG00000279799	0.9996	1.0087	0.0015	0
chr5_116511383	5	ENSG00000248663	0.9986	0.9945	0.0842	1
chr5_140685008	5	ENSG00000120318	0.999	0.9993	0.0016	0
chr5_177299486	5	ENSG00000146066	0.9973	1.0026	0.0014	0
chr5_99095553	5	ENSG00000270906	1.0028	1.0006	0.0015	0
chr5_70485297	5	ENSG00000198237	0.9998	1.0002	0.0263	0
chr5_175694338	5	ENSG00000074317	0.9994	1.0033	0.0016	0
chr5_133686697	5	ENSG00000152700	1.0016	0.9995	0.0011	0
chr5_177035935	5	ENSG00000283559	1.001	1.0055	0.0016	0
chr5_160199509	5	ENSG00000164332	0.9996	0.998	0.0013	0
chr5_35692849	5	ENSG00000272323	1.0012	1.0013	0.0017	1
chr5_3722907	5	ENSG00000186493	1.0034	1.0014	0.0015	0
chr5_141115149	5	ENSG00000113555	1.0076	1.0005	0.0073	1
chr5_72612501	5	ENSG00000255883	0.9994	1.0002	0.0063	1
chr5_152618959	5	ENSG00000155511	0.9982	0.9993	0.0013	0
chr5_133684224	5	ENSG00000164403	0.9975	1.0012	0.0016	0
chr5_41426143	5	ENSG00000112964	0.9971	0.9997	0.0015	0
chr5_108329044	5	ENSG00000249476	1.002	1.0	0.0013	0
chr5_139704989	5	ENSG00000113119	0.9988	1.0	0.0024	0
chr5_70112804	5	ENSG00000249437	1.0003	0.9999	0.0324	0
chr5_144232440	5	ENSG00000113580	0.9967	0.9992	0.0015	0
chr5_140613681	5	ENSG00000272674	0.9968	0.9965	0.0016	0
chr5_140001911	5	ENSG00000243232	1.0013	0.999	0.0014	0
chr5_20510	5	ENSG00000028310	1.0007	0.9957	0.0023	0
chr5_142453958	5	ENSG00000242419	0.9986	1.0003	0.002	1
chr5_142179821	5	ENSG00000187372	1.0013	0.9969	0.0016	0
chr5_139767567	5	ENSG00000113073	0.9975	0.9998	0.0013	0
chr5_97301839	5	ENSG00000175426	1.0047	0.9978	0.0011	0
chr5_178577387	5	ENSG00000249140	1.0023	0.9986	0.0024	0
chr5_179212176	5	ENSG00000175309	0.9948	1.0011	0.0015	0
chr5_76992277	5	ENSG00000254893	1.0084	1.0036	0.0016	0
chr5_107780871	5	ENSG00000151422	0.9992	0.9999	0.0933	1
chr5_78129204	5	ENSG00000132840	0.999	0.9999	0.0017	0
chr5_78398607	5	ENSG00000152409	0.9996	0.9997	0.0021	0
chr5_158054098	5	ENSG00000135077	0.995	1.0049	0.0011	0
chr5_181291831	5	ENSG00000278970	1.006	1.0041	0.0017	0
chr5_42213417	5	ENSG00000177453	0.9996	0.9996	0.0053	0
chr5_66048194	5	ENSG00000229666	1.0001	0.9997	0.0177	1
chr5_152068610	5	ENSG00000196743	0.999	0.9981	0.0019	0
chr5_68497646	5	ENSG00000249238	1.0	1.0031	0.0015	0
chr5_75758890	5	ENSG00000181104	1.0052	0.9984	0.0027	0
chr5_70307247	5	ENSG00000215630	1.0	0.9999	0.0591	0
chr5_158606699	5	ENSG00000113282	1.0032	0.9974	0.0016	0
chr5_139166685	5	ENSG00000120709	1.0004	1.006	0.0017	0
chr5_43890205	5	ENSG00000112996	1.0038	1.007	0.0024	1
chr5_162487389	5	ENSG00000113328	1.0026	0.9956	0.0019	0
chr5_127861165	5	ENSG00000173926	1.0001	1.009	0.0014	0
chr5_195507	5	ENSG00000249201	1.0074	1.0045	0.0015	0
chr5_177275240	5	ENSG00000145916	1.0053	0.996	0.0016	0
chr5_152823931	5	ENSG00000254226	1.0018	0.9994	0.002	0
chr5_76225775	5	ENSG00000145700	1.0001	0.9966	0.0012	0
chr5_131438683	5	ENSG00000197375	1.0008	1.0	0.0079	0
chr5_63888711	5	ENSG00000153015	0.9976	1.0001	0.0623	1
chr5_68678885	5	ENSG00000249721	1.0009	1.0024	0.0016	0
chr5_101765621	5	ENSG00000113532	0.9996	0.999	0.0014	0
chr5_156286909	5	ENSG00000113263	1.0039	1.0005	0.0018	0
chr5_11602998	5	ENSG00000112977	0.9954	1.0061	0.0015	0
chr5_16142329	5	ENSG00000145555	1.0031	0.9999	0.0015	0
chr5_79489489	5	ENSG00000039319	0.9995	1.0	0.0019	0
chr5_149194726	5	ENSG00000247199	0.9972	0.9946	0.0017	0
chr5_171144261	5	ENSG00000182132	0.9993	0.9989	0.0011	0
chr5_180054302	5	ENSG00000165810	0.9999	1.0	0.4609	1
chr5_84055286	5	ENSG00000152422	0.9945	0.997	0.0016	0
chr5_133977700	5	ENSG00000170606	1.0001	0.9981	0.0022	0
chr5_139070389	5	ENSG00000120733	0.9978	0.9979	0.0014	0
chr5_137210365	5	ENSG00000031003	0.9999	0.9992	0.0018	0
chr5_143151803	5	ENSG00000281881	0.9996	1.0001	0.0016	0
chr5_179917087	5	ENSG00000113303	0.9976	0.9996	0.0013	0
chr5_152659322	5	ENSG00000177556	1.0016	0.9993	0.0021	0
chr5_169477001	5	ENSG00000120137	1.0021	1.0056	0.0015	0
chr5_151878613	5	ENSG00000211445	0.9986	0.9979	0.0016	0
chr5_114309120	5	ENSG00000164221	1.0044	1.0001	0.0012	0
chr5_70264015	5	ENSG00000250138	1.0001	1.0002	0.0288	0
chr5_101755108	5	ENSG00000145730	0.9977	1.004	0.0014	0
chr5_178041561	5	ENSG00000213328	0.9978	1.0001	0.002	0
chr5_14926494	5	ENSG00000039139	0.9933	0.9963	0.0029	0
chr5_179608645	5	ENSG00000252464	1.0064	1.0004	0.002	0
chr5_70112804	5	ENSG00000213830	0.9999	0.9999	0.027	0
chr5_121326115	5	ENSG00000064692	0.9977	0.9991	0.0016	0
chr5_169520358	5	ENSG00000254192	1.0001	0.997	0.001	0
chr5_71382411	5	ENSG00000244061	0.9987	0.9965	0.0028	1
chr5_197012	5	ENSG00000250848	1.0003	0.9985	0.002	0
chr5_176925735	5	ENSG00000249109	0.9848	0.9999	0.0548	1
chr5_83979269	5	ENSG00000271862	0.9978	0.998	0.0015	0
chr5_139710307	5	ENSG00000176087	0.9975	0.9984	0.0034	1
chr5_95850229	5	ENSG00000248734	1.0033	0.9999	0.0165	1
chr5_137634415	5	ENSG00000120705	0.9978	0.9999	0.0014	0
chr5_139701925	5	ENSG00000249593	0.9988	0.9974	0.0015	0
chr5_130865692	5	ENSG00000158987	0.9976	1.0004	0.0017	0
chr5_69979979	5	ENSG00000249352	1.0007	1.0003	0.0076	0
chr5_160997345	5	ENSG00000113312	0.9895	0.9994	0.0014	0
chr5_41902890	5	ENSG00000250722	1.0016	0.9932	0.0018	1
chr5_152396764	5	ENSG00000123643	0.9995	0.9973	0.0015	0
chr5_9295264	5	ENSG00000272417	0.9967	0.9991	0.007	1
chr5_174559835	5	ENSG00000253955	0.9961	0.9989	0.0016	0
chr5_146372316	5	ENSG00000169302	0.9998	1.0	0.0104	1
chr5_4554540	5	ENSG00000170549	0.9993	0.9966	0.0017	0
chr5_30592754	5	ENSG00000279923	0.9982	0.9987	0.0025	0
chr5_125747605	5	ENSG00000168916	1.0	0.9993	0.0029	0
chr5_120612017	5	ENSG00000164334	1.0	1.002	0.0018	0
chr5_99195074	5	ENSG00000270225	0.9989	1.0001	0.0023	0
chr5_181197516	5	ENSG00000146090	0.9902	1.0042	0.0014	0
chr5_168155764	5	ENSG00000248222	0.9998	1.0001	0.4326	1
chr5_120978377	5	ENSG00000151304	0.9982	1.0001	0.0014	0
chr5_149454511	5	ENSG00000164587	0.9973	0.9999	0.0009	0
chr5_75816843	5	ENSG00000198780	0.9988	0.9959	0.0018	0
chr5_155687739	5	ENSG00000277039	1.0025	0.9966	0.0015	0
chr5_53043404	5	ENSG00000272416	0.9988	0.9991	0.0017	0
chr5_177760788	5	ENSG00000113763	0.9932	0.9984	0.0011	0
chr5_99862720	5	ENSG00000248489	0.9993	1.0045	0.0015	0
chr5_131515469	5	ENSG00000202533	1.0007	0.9902	0.0031	1
chr5_132621215	5	ENSG00000053108	1.0007	1.0	0.0012	0
chr5_78507444	5	ENSG00000164253	1.0002	0.9979	0.0015	0
chr5_156294375	5	ENSG00000055163	1.0001	0.9999	0.0013	0
chr5_181221732	5	ENSG00000274525	0.9965	1.0027	0.0015	0
chr5_111566502	5	ENSG00000129595	0.9978	1.0035	0.0024	1
chr5_151632039	5	ENSG00000256235	1.0054	0.999	0.0018	0
chr5_9298853	5	ENSG00000271980	1.0073	0.9982	0.0016	0
chr5_72405228	5	ENSG00000164325	0.9978	0.9994	0.0013	0
chr5_33304729	5	ENSG00000215156	0.9984	1.0001	0.0036	0
chr5_103944692	5	ENSG00000145725	0.9987	1.0005	0.0017	0
chr5_132076880	5	ENSG00000072364	0.9967	0.9999	0.0015	0
chr5_94637034	5	ENSG00000164291	1.0025	0.9996	0.0013	0
chr5_180619209	5	ENSG00000169045	0.9914	1.0038	0.0014	0
chr5_76132890	5	ENSG00000250802	1.0038	0.9926	0.0321	1
chr5_181290418	5	ENSG00000245060	0.9991	1.0043	0.0025	0
chr5_114652574	5	ENSG00000145780	0.9951	0.9983	0.0014	0
chr5_139915244	5	ENSG00000204962	0.9998	0.9993	0.003	0
chr5_151924125	5	ENSG00000197083	0.9986	1.0009	0.0017	0
chr5_172093150	5	ENSG00000164463	1.0027	0.9999	0.0014	0
chr5_31304612	5	ENSG00000113384	0.9959	1.0	0.0016	0
chr5_70157981	5	ENSG00000152942	0.9999	1.0	0.0378	0
chr5_141830951	5	ENSG00000204963	1.0011	1.0036	0.0018	0
chr5_71440278	5	ENSG00000113048	0.9993	1.0004	0.6469	1
chr5_176164745	5	ENSG00000165671	1.0005	0.9995	0.0012	0
chr5_173230152	5	ENSG00000168246	1.0049	0.9987	0.0016	1
chr5_71986851	5	ENSG00000272081	1.0	0.9989	0.0019	0
chr5_38118992	5	ENSG00000228212	0.9966	0.9959	0.0017	0
chr5_92817516	5	ENSG00000248483	1.002	1.0001	0.0018	0
chr5_141434830	5	ENSG00000113141	0.9935	1.002	0.0026	0
chr5_160902724	5	ENSG00000170214	0.9996	0.9975	0.0015	0
chr5_133541491	5	ENSG00000119048	0.998	0.9978	0.0014	1
chr5_116151932	5	ENSG00000271797	0.9972	0.9998	0.0023	1
chr5_173159549	5	ENSG00000072786	0.999	1.0039	0.0013	0
chr5_178219224	5	ENSG00000169228	0.9996	0.9988	0.0016	0
chr5_178442547	5	ENSG00000196923	1.0	0.9969	0.0019	0
chr5_150858676	5	ENSG00000113140	0.9971	0.9968	0.0015	0
chr5_15378897	5	ENSG00000250182	1.0019	1.0026	0.0015	0
chr5_75312907	5	ENSG00000249014	0.9987	1.0001	0.0021	0
chr5_142058497	5	ENSG00000255622	1.0054	1.0013	0.0015	0
chr5_96831828	5	ENSG00000118985	1.0001	1.0008	0.0016	0
chr5_86472172	5	ENSG00000134480	0.9964	0.9988	0.0019	1
chr5_138694971	5	ENSG00000249751	0.9955	1.0	0.0012	0
chr5_133849143	5	ENSG00000181904	0.9943	0.9995	0.0573	1
chr5_150931290	5	ENSG00000164296	0.9995	1.0024	0.0015	0
chr5_89597176	5	ENSG00000255647	1.0041	1.0002	0.0017	0
chr5_159596529	5	ENSG00000164611	1.0004	0.9989	0.0013	0
chr5_167730030	5	ENSG00000188573	0.9998	1.0113	0.0012	0
chr5_96187338	5	ENSG00000113441	1.0039	0.9995	0.0014	0
chr5_15814640	5	ENSG00000154153	1.0002	1.0077	0.0013	0
chr5_23254276	5	ENSG00000226432	1.0019	0.9984	0.0024	0
chr5_139065507	5	ENSG00000158458	1.002	1.0001	0.0015	0
chr5_179865010	5	ENSG00000198939	0.9999	1.0047	0.002	0
chr5_140418422	5	ENSG00000276547	0.9981	1.0002	0.0018	0
chr5_10356773	5	ENSG00000112902	0.999	1.0018	0.0019	0
chr5_115488681	5	ENSG00000248445	1.0011	0.9975	0.0013	0
chr5_137072734	5	ENSG00000120729	1.0011	0.9994	0.001	0
chr5_181451	5	ENSG00000063438	1.0039	0.9988	0.0016	1
chr5_177937834	5	ENSG00000178338	0.9985	0.9993	0.0019	0
chr5_7647045	5	ENSG00000247516	0.9993	0.9996	0.0011	0
chr5_146726236	5	ENSG00000249363	0.9997	1.0039	0.0012	0
chr5_75580788	5	ENSG00000164347	0.999	0.9988	0.0015	0
chr5_161119490	5	ENSG00000170231	1.0026	0.999	0.0015	0
chr5_134078729	5	ENSG00000224186	0.9998	0.9904	0.0017	0
chr5_17911399	5	ENSG00000176788	0.9959	0.9974	0.0023	1
chr5_178385583	5	ENSG00000131187	1.0035	0.9987	0.0016	0
chr5_37903825	5	ENSG00000250629	1.0022	0.9999	0.0018	0
chr5_141156603	5	ENSG00000250069	1.0032	1.0026	0.0016	0
chr5_71384839	5	ENSG00000235558	0.9857	1.0	0.1191	1
chr5_140046624	5	ENSG00000281398	1.0	0.9969	0.0029	0
chr5_113381604	5	ENSG00000080709	1.0007	0.9998	0.0021	0
chr5_172476593	5	ENSG00000113739	0.9999	0.9991	0.0016	0
chr5_158274330	5	ENSG00000145860	0.9971	0.9995	0.0089	1
chr5_6316510	5	ENSG00000164151	0.9984	1.004	0.0018	0
chr5_169455946	5	ENSG00000235172	1.0043	0.9978	0.0015	0
chr5_16255840	5	ENSG00000215196	0.9998	0.9947	0.0012	0
chr5_180267387	5	ENSG00000248275	1.001	0.9937	0.0059	1
chr5_131268355	5	ENSG00000131435	1.0006	1.0007	0.002	0
chr5_33121821	5	ENSG00000242110	0.9997	0.9993	0.0014	0
chr5_72886988	5	ENSG00000214944	1.0001	0.9971	0.0014	0
chr5_114255249	5	ENSG00000164219	1.0057	1.0	0.0022	0
chr5_149189249	5	ENSG00000182578	0.9968	1.0025	0.0015	0
chr5_139952900	5	ENSG00000204970	0.9989	1.0007	0.0026	0
chr5_110306736	5	ENSG00000152495	1.0054	0.9999	0.0045	1
chr5_8991464	5	ENSG00000280338	1.0008	1.0004	0.0012	0
chr5_140703291	5	ENSG00000081853	1.0012	0.9986	0.0026	0
chr5_156683428	5	ENSG00000135074	1.0001	0.9996	0.0018	0
chr5_42429895	5	ENSG00000261604	0.9993	0.9999	0.0014	0
chr5_44289806	5	ENSG00000248240	1.0002	0.9986	0.0081	0
chr5_64673466	5	ENSG00000253251	1.0011	0.9982	0.0016	0
chr5_74627309	5	ENSG00000272040	1.0	1.0	0.0014	0
chr5_172251276	5	ENSG00000183072	0.9972	0.9992	0.0014	0
chr5_71403403	5	ENSG00000049883	0.9928	0.9999	0.0065	1
chr5_99585876	5	ENSG00000246763	1.0	0.9955	0.0016	0
chr5_162632	5	ENSG00000188818	0.9975	0.9984	0.0016	0
chr5_138641163	5	ENSG00000226306	0.9985	1.0015	0.0015	0
chr5_33340926	5	ENSG00000215158	1.0007	0.9999	0.002	1
chr5_110691944	5	ENSG00000164211	1.0015	0.9995	0.008	0
chr5_178799505	5	ENSG00000170089	1.0034	1.0006	0.0016	0
chr5_180771311	5	ENSG00000161011	1.0	0.9978	0.0012	0
chr5_94055550	5	ENSG00000270133	1.0034	1.0019	0.0012	0
chr5_66862546	5	ENSG00000112851	1.0003	1.0007	0.0016	0
chr5_43914450	5	ENSG00000215068	1.0016	1.0046	0.0015	0
chr5_43721579	5	ENSG00000272234	0.9939	1.0054	0.0024	0
chr5_178740192	5	ENSG00000244945	0.9979	0.9979	0.0017	0
chr5_159340	5	ENSG00000206077	1.0008	0.9966	0.0016	0
chr5_170940465	5	ENSG00000204767	0.9981	0.9978	0.0024	0
chr5_56076201	5	ENSG00000155545	0.9952	1.0	0.0575	1
chr5_72734650	5	ENSG00000164331	0.9982	1.0005	0.0014	0
chr5_71477978	5	ENSG00000131711	0.998	1.0001	0.0015	0
chr5_61699524	5	ENSG00000164181	0.9996	0.9956	0.0013	0
chr5_152037185	5	ENSG00000197043	0.9984	1.0005	0.0016	0
chr5_540514	5	ENSG00000153395	0.9982	1.0011	0.0014	0
chr5_72011721	5	ENSG00000157107	0.9998	0.9986	0.0016	0
chr5_180379254	5	ENSG00000238035	0.9977	0.9895	0.0153	1
chr5_172274202	5	ENSG00000181163	1.0037	1.0	0.0015	0
chr5_150317062	5	ENSG00000254298	1.0042	0.9973	0.0015	0
chr5_138000524	5	ENSG00000146006	0.9963	0.9968	0.0027	0
chr5_69942947	5	ENSG00000172062	1.0001	1.0	0.0352	1
chr5_155905097	5	ENSG00000082516	1.0077	0.9985	0.0012	0
chr5_174005728	5	ENSG00000253439	0.9999	1.0057	0.0016	0
chr5_114356879	5	ENSG00000047188	1.0019	1.0055	0.0017	0
chr5_148659051	5	ENSG00000183111	1.0032	1.0008	0.0033	1
chr5_140748777	5	ENSG00000146005	0.999	1.0005	0.0016	0
chr5_137266854	5	ENSG00000112984	0.994	1.0062	0.0016	0
chr5_843651	5	ENSG00000145494	0.9999	0.9999	0.0014	0
chr5_43927076	5	ENSG00000271788	1.0	1.0065	0.0024	0
chr5_177007981	5	ENSG00000051596	0.9877	0.9983	0.0015	0
chr5_169853129	5	ENSG00000094755	0.9981	1.0038	0.0013	0
chr5_145253932	5	ENSG00000091009	0.9989	0.9997	0.0013	0
chr5_128967007	5	ENSG00000245937	0.9942	0.9987	0.002	0
chr5_53614097	5	ENSG00000178996	0.9971	0.9996	0.0041	1
chr5_7510823	5	ENSG00000248677	0.9989	1.0006	0.0016	0
chr5_69960935	5	ENSG00000183323	1.0003	1.001	0.0057	0
chr5_37827123	5	ENSG00000272103	1.0	1.0038	0.0018	1
chr5_71014415	5	ENSG00000164326	0.9985	1.0005	0.0025	1
chr5_128204561	5	ENSG00000066583	1.0003	0.9962	0.0018	0
chr5_150781809	5	ENSG00000253921	0.9994	1.0035	0.004	0
chr5_112090207	5	ENSG00000270067	1.0049	1.0001	0.0008	0
chr5_92894345	5	ENSG00000249353	1.0006	1.0	0.0017	0
chr5_8735991	5	ENSG00000124279	0.9975	0.9995	0.0014	0
chr5_131045696	5	ENSG00000239642	0.9929	0.9978	0.0061	1
chr5_113816133	5	ENSG00000212643	0.9946	0.9957	0.0014	0
chr5_6022587	5	ENSG00000250579	1.0	1.004	0.0016	0
chr5_116574577	5	ENSG00000134970	1.0031	0.9972	0.0015	0
chr5_34283796	5	ENSG00000113494	0.9977	0.9985	0.0019	0
chr5_140516824	5	ENSG00000253953	0.9978	0.9956	0.0022	1
chr5_176103787	5	ENSG00000160867	1.0009	0.9951	0.0017	1
chr5_128683180	5	ENSG00000230561	0.9934	0.9997	0.0015	0
chr5_141036328	5	ENSG00000185129	0.9991	0.9983	0.0016	0
chr5_142872692	5	ENSG00000013561	0.9996	1.0045	0.0017	0
chr5_177105648	5	ENSG00000204677	1.0008	0.9998	0.0016	1
chr5_73054	5	ENSG00000112877	1.0024	0.9996	0.0015	0
chr5_30651704	5	ENSG00000133401	0.9954	0.9945	0.0016	0
chr5_122544752	5	ENSG00000250539	0.9992	0.9998	0.0012	0
chr5_117481418	5	ENSG00000092421	1.0031	0.998	0.0015	0
chr5_134039556	5	ENSG00000248923	0.998	1.0083	0.0028	1
chr5_53953207	5	ENSG00000232517	0.9979	0.9996	0.0011	0
chr5_142200652	5	ENSG00000120327	0.9987	0.9969	0.0023	0
chr5_142207284	5	ENSG00000262096	0.9907	0.9984	0.0017	0
chr5_180273603	5	ENSG00000247049	0.998	0.9977	0.0017	1
chr5_40886049	5	ENSG00000250048	0.9975	1.0069	0.0016	0
chr5_49592091	5	ENSG00000170571	0.9994	1.0009	0.0051	0
chr5_179833528	5	ENSG00000131446	1.0008	1.0054	0.002	0
chr5_39438622	5	ENSG00000251257	1.0	1.0006	0.0016	0
chr5_75787538	5	ENSG00000271714	0.9963	1.0	0.0019	0
chr5_133059845	5	ENSG00000213585	0.9981	1.0003	0.0038	1
chr5_135300719	5	ENSG00000271824	0.996	0.9986	0.0544	1
chr5_140891174	5	ENSG00000197948	1.0059	0.9988	0.0013	0
chr5_149876281	5	ENSG00000237693	0.9974	1.0001	0.0013	0
chr5_155019907	5	ENSG00000170624	1.0039	1.0	0.0028	1
chr5_147131348	5	ENSG00000133710	0.9957	0.9945	0.0016	0
chr5_103163177	5	ENSG00000173930	0.9954	0.9997	0.0015	0
chr5_11255499	5	ENSG00000164237	0.9974	0.9976	0.0016	0
chr5_117038818	5	ENSG00000272265	0.9998	0.9989	0.0038	0
chr5_66573762	5	ENSG00000113597	0.9967	1.0066	0.0017	0
chr5_117554902	5	ENSG00000239528	0.9998	0.9986	0.002	0
chr5_79430405	5	ENSG00000248569	0.9991	1.0169	0.0055	0
chr5_159594	5	ENSG00000145506	1.0003	1.0	0.0021	0
chr5_140341745	5	ENSG00000131508	0.9999	0.9964	0.0012	0
chr5_135338470	5	ENSG00000237190	0.9987	0.9948	0.0013	0
chr5_70686548	5	ENSG00000131844	0.9999	0.9999	0.0188	0
chr5_131055357	5	ENSG00000248610	0.9997	1.0031	0.002	0
chr5_173801752	5	ENSG00000253785	1.0012	1.0013	0.0014	0
chr5_57588038	5	ENSG00000175857	1.0029	1.0001	0.0016	0
chr5_38729133	5	ENSG00000271334	1.003	0.999	0.0015	0
chr5_70157890	5	ENSG00000280187	1.0	0.9999	0.0415	0
chr5_177082598	5	ENSG00000283235	0.995	0.9953	0.0015	0
chr5_161329061	5	ENSG00000253522	0.9942	1.0028	0.0015	0
chr5_119951762	5	ENSG00000250678	1.0001	0.9994	0.0016	0
chr5_177093242	5	ENSG00000248596	1.0001	1.0003	0.0014	0
chr5_70088644	5	ENSG00000153044	1.0	0.9998	0.018	0
chr5_89256317	5	ENSG00000247828	0.997	0.9969	0.0013	0
chr5_700230	5	ENSG00000185986	0.9981	1.0015	0.0018	0
chr5_140544336	5	ENSG00000248449	0.9976	0.9993	0.0017	0
chr5_151409490	5	ENSG00000070614	0.9999	0.999	0.0014	0
chr5_139957834	5	ENSG00000120727	0.998	0.9985	0.0015	0
chr5_148899378	5	ENSG00000178776	0.9966	1.0065	0.0015	0
chr5_155693530	5	ENSG00000155508	0.9979	1.0018	0.0015	0
chr5_64606716	5	ENSG00000049192	1.0061	0.9999	0.0015	0
chr5_130237175	5	ENSG00000186687	0.9966	1.0	0.0032	1
chr5_100920082	5	ENSG00000270307	1.0	0.9977	0.0014	1
chr5_124012207	5	ENSG00000223652	1.0	1.0008	0.0013	0
chr5_642537	5	ENSG00000232615	0.9989	1.0	0.0015	0
chr5_164449029	5	ENSG00000072571	0.9988	0.9997	0.0016	0
chr5_13874842	5	ENSG00000249485	1.0035	1.0044	0.0017	1
chr5_44511110	5	ENSG00000172239	1.0006	0.9976	0.0013	0
chr5_83154678	5	ENSG00000205464	1.0001	0.9996	0.0017	0
chr5_31565419	5	ENSG00000113387	1.0017	0.9999	0.0016	0
chr5_42602390	5	ENSG00000279557	0.999	1.0057	0.0015	0
chr5_5729322	5	ENSG00000145545	0.9992	1.0007	0.0018	0
chr5_151229227	5	ENSG00000070814	1.0025	1.0005	0.0015	0
chr5_80923901	5	ENSG00000249483	1.0041	0.9996	0.0024	0
chr5_125647554	5	ENSG00000279118	1.005	0.9999	0.0026	0
chr5_138969686	5	ENSG00000272255	1.0008	1.0001	0.0015	0
chr5_5534665	5	ENSG00000250490	0.9997	0.9998	0.0016	0
chr5_99662622	5	ENSG00000174136	0.9998	0.998	0.0019	0
chr5_151631703	5	ENSG00000164591	0.9977	1.0006	0.0019	0
chr5_126424245	5	ENSG00000283897	1.0013	0.9982	0.0014	0
chr5_94965673	5	ENSG00000251000	0.9973	1.0	0.2489	1
chr5_147563560	5	ENSG00000145868	1.0007	1.0	0.002	0
chr5_178679856	5	ENSG00000225051	0.9978	0.9997	0.0027	0
chr5_98082189	5	ENSG00000058729	1.0033	1.0088	0.0016	0
chr5_6426684	5	ENSG00000078295	1.0118	0.9996	0.043	1
chr5_167423065	5	ENSG00000113645	0.9999	0.999	0.0014	0
chr5_148574922	5	ENSG00000241112	1.0025	1.0	0.0021	0
chr5_39183003	5	ENSG00000164318	0.9978	0.9995	0.0017	1
chr5_176771004	5	ENSG00000246596	0.9979	1.0	0.001	0
chr5_2381206	5	ENSG00000142319	0.9998	1.004	0.0016	1
chr5_179299266	5	ENSG00000248367	0.9988	0.9995	0.001	1
chr5_151373320	5	ENSG00000254333	0.9994	0.9979	0.0018	0
chr5_176618441	5	ENSG00000183258	1.0	1.0048	0.0017	1
chr5_178193188	5	ENSG00000270706	1.0053	1.0023	0.0016	0
chr5_57513538	5	ENSG00000145632	0.9963	0.9876	0.0031	0
chr5_177212303	5	ENSG00000250909	0.9997	1.0028	0.0014	0
chr5_142229458	5	ENSG00000253767	1.0009	1.0013	0.0015	0
chr5_84366605	5	ENSG00000038427	0.9979	0.9969	0.0017	0
chr5_95082254	5	ENSG00000113391	0.9979	0.9975	0.0011	0
chr5_140763094	5	ENSG00000171720	1.0013	1.0013	0.0015	0
chr5_54585029	5	ENSG00000250853	1.0004	1.006	0.0013	1
chr5_137375272	5	ENSG00000112983	0.997	0.9996	0.002	0
chr5_133300883	5	ENSG00000263597	0.999	0.9999	0.0032	0
chr5_149266882	5	ENSG00000011083	0.9983	1.0019	0.002	1
chr5_125832	5	ENSG00000071539	1.0048	0.9998	0.0016	0
chr5_136434670	5	ENSG00000145824	0.9999	1.0012	0.0024	1
chr5_94555386	5	ENSG00000198677	0.9979	0.9999	0.0017	0
chr5_74415526	5	ENSG00000272525	0.9988	1.0044	0.0029	0
chr5_139436491	5	ENSG00000113068	0.9987	0.9965	0.0019	0
chr5_70510982	5	ENSG00000145734	1.0002	0.9999	0.0359	0
chr5_35839815	5	ENSG00000113460	0.9966	0.998	0.0016	0
chr5_42622683	5	ENSG00000249855	0.9989	1.0001	0.0027	0
chr5_133502465	5	ENSG00000006837	0.9954	0.9997	0.0017	1
chr5_179662803	5	ENSG00000037280	0.9992	1.0035	0.0016	0
chr5_181254462	5	ENSG00000248514	1.0049	1.0005	0.002	0
chr5_65371267	5	ENSG00000153914	1.0008	0.9977	0.0014	0
chr5_24466071	5	ENSG00000260761	0.999	1.0033	0.0016	0
chr5_127768811	5	ENSG00000113368	1.0028	0.9974	0.0019	1
chr5_133912652	5	ENSG00000248648	0.9999	0.9983	0.0014	0
chr5_139988026	5	ENSG00000239389	0.9944	0.9998	0.0355	1
chr5_141138706	5	ENSG00000254363	0.9998	1.0004	0.0016	0
chr5_140685648	5	ENSG00000253159	1.0015	1.001	0.0017	0
chr5_139880843	5	ENSG00000204967	1.0019	0.9898	0.0033	0
chr5_176984757	5	ENSG00000280207	0.9924	1.0033	0.0015	1
chr5_178436082	5	ENSG00000131188	1.0002	0.9987	0.0018	0
chr5_13317680	5	ENSG00000038382	0.9974	0.9967	0.0019	0
chr5_150141017	5	ENSG00000173210	0.9999	1.0007	0.0016	0
chr5_170588743	5	ENSG00000134516	0.9997	0.9984	0.0011	0
chr5_139229905	5	ENSG00000132563	0.9992	0.9984	0.0017	0
chr5_148444460	5	ENSG00000253406	1.0054	0.9995	0.0021	0
chr5_64893118	5	ENSG00000197860	0.9975	0.9992	0.0023	0
chr5_134094424	5	ENSG00000132570	0.999	0.9977	0.0032	1
chr5_142814994	5	ENSG00000271871	1.001	0.998	0.0014	0
chr5_149198740	5	ENSG00000113721	0.9987	0.9997	0.0014	0
chr5_33619902	5	ENSG00000113389	1.0039	1.0	0.0016	0
chr5_152462337	5	ENSG00000086570	0.9995	1.004	0.0014	0
chr5_140422791	5	ENSG00000254221	0.998	0.9962	0.0016	0
chr5_79346901	5	ENSG00000249825	0.9958	0.9912	0.0013	0
chr5_141772817	5	ENSG00000250120	0.9945	0.9976	0.0016	0
chr5_43648812	5	ENSG00000198865	1.0001	0.9989	0.0009	0
chr5_138681764	5	ENSG00000177733	0.9993	1.0032	0.0015	0
chr5_141746495	5	ENSG00000261757	0.9967	0.9891	0.0017	0
chr5_105147	5	ENSG00000271781	1.0004	0.9985	0.0014	0
chr5_42615718	5	ENSG00000172244	1.0001	1.0	0.0012	0
chr5_60416493	5	ENSG00000130449	0.9973	1.0	0.0013	0
chr5_55959737	5	ENSG00000145649	0.9996	0.9988	0.0013	0
chr5_197102	5	ENSG00000171368	1.0062	1.0038	0.0016	0
chr5_96839523	5	ENSG00000236882	0.9996	0.9962	0.0018	0
chr5_74698633	5	ENSG00000189045	1.0034	0.999	0.0102	0
chr5_94433229	5	ENSG00000237187	1.0001	0.9972	0.0022	0
chr5_4198563	5	ENSG00000145536	0.9976	0.9884	0.0016	0
chr5_33026933	5	ENSG00000164175	0.998	0.9961	0.0015	0
chr5_116601764	5	ENSG00000243414	0.9998	1.0054	0.0023	0
chr5_143750869	5	ENSG00000145819	0.9993	0.9969	0.0013	0
chr5_153524764	5	ENSG00000164576	0.9973	1.0	0.877	1
chr5_34432508	5	ENSG00000249572	1.0	1.002	0.0017	0
chr5_127493955	5	ENSG00000164902	0.9998	1.0002	0.0013	0
chr5_102605570	5	ENSG00000112874	1.0006	0.9997	0.0016	0
chr5_119511746	5	ENSG00000250891	0.9998	0.9965	0.0011	0
chr5_180184287	5	ENSG00000185372	0.9984	1.0	0.3499	1
chr5_140495642	5	ENSG00000272070	1.0002	1.0019	0.0078	1
chr5_171986010	5	ENSG00000113732	1.0004	0.9996	0.0015	0
chr5_140570553	5	ENSG00000120328	0.9919	0.9995	0.2311	1
chr5_133923416	5	ENSG00000155329	1.001	0.9973	0.0015	0
chr5_109911390	5	ENSG00000164209	1.0006	1.0005	0.0012	0
chr5_150109174	5	ENSG00000145908	1.0049	0.9989	0.0016	0
chr5_137126500	5	ENSG00000113658	0.9999	1.001	0.0035	0
chr5_67322223	5	ENSG00000145675	0.9988	1.0003	0.0017	0
chr5_54473958	5	ENSG00000134363	0.9981	1.0065	0.0015	0
chr5_147392415	5	ENSG00000113649	1.0	1.0059	0.005	0
chr5_176593158	5	ENSG00000184840	0.9976	1.0018	0.0017	1
chr5_108705133	5	ENSG00000271849	1.0004	0.9999	0.0029	0
chr5_74723598	5	ENSG00000152359	1.0025	0.9999	0.0017	0
chr5_145341875	5	ENSG00000133706	0.9974	0.9995	0.0017	0
chr5_156083514	5	ENSG00000113249	0.9963	0.9963	0.0039	1
chr5_112030768	5	ENSG00000272389	0.9957	1.0036	0.0014	0
chr5_136349	5	ENSG00000248925	0.9974	1.0015	0.0069	1
chr5_113822517	5	ENSG00000153037	1.0009	0.9992	0.0022	1
chr5_134064098	5	ENSG00000244921	0.9998	1.0	0.1031	1
chr5_172944559	5	ENSG00000072803	0.9975	1.004	0.0016	0
chr5_80939796	5	ENSG00000251050	0.9961	0.9985	0.0015	0
chr5_131995966	5	ENSG00000235253	0.9998	0.9998	0.0021	0
chr5_197092	5	ENSG00000249908	1.0001	0.9984	0.0016	0
chr5_180587175	5	ENSG00000250999	1.0022	0.9994	0.0016	0
chr5_119268122	5	ENSG00000250427	1.0001	1.0004	0.0014	0
chr5_39874616	5	ENSG00000132356	0.9993	0.9999	0.0014	0
chr5_9508291	5	ENSG00000145491	1.0025	0.9966	0.0015	0
chr5_65723763	5	ENSG00000153006	1.0018	1.0046	0.0016	0
chr5_60543821	5	ENSG00000213891	1.0004	1.0043	0.0015	0
chr5_142512511	5	ENSG00000279130	0.9973	1.0002	0.0016	0
chr5_79112151	5	ENSG00000085365	0.9982	0.9988	0.0015	0
chr5_119630133	5	ENSG00000184838	0.9967	1.0	0.0017	0
chr5_176133065	5	ENSG00000160883	0.9995	0.9991	0.3011	1
chr5_72550785	5	ENSG00000251493	0.9959	0.9942	0.0019	0
chr5_140375049	5	ENSG00000120329	1.0	1.0002	0.0019	0
chr5_5564370	5	ENSG00000133398	1.0053	1.0	0.0022	0
chr5_178364035	5	ENSG00000246334	1.0004	1.0025	0.0024	0
chr5_141300944	5	ENSG00000249637	0.9994	1.001	0.0015	0
chr5_81868482	5	ENSG00000251450	0.9967	1.0002	0.0016	0
chr5_150854999	5	ENSG00000272112	1.0045	0.9993	0.0016	0
chr5_10364681	5	ENSG00000250786	0.997	0.9985	0.0016	0
chr5_133788105	5	ENSG00000164405	0.9881	1.0025	0.0015	0
chr5_142139088	5	ENSG00000120322	1.0	0.9974	0.0011	0
chr5_142153949	5	ENSG00000113212	1.0002	1.0006	0.0014	0
chr5_112066206	5	ENSG00000145777	1.0041	1.0016	0.0015	0
chr5_140498999	5	ENSG00000113248	0.9962	1.0	0.0017	0
chr5_66006518	5	ENSG00000272370	0.9995	0.9994	0.0027	0
chr5_178552788	5	ENSG00000272459	0.9979	0.9989	0.0016	0
chr5_146581572	5	ENSG00000113657	0.9975	1.0069	0.0016	0
chr5_178039780	5	ENSG00000234284	0.9964	0.9999	0.0023	1
chr5_93829690	5	ENSG00000232578	0.9963	0.9889	0.0017	0
chr5_178455983	5	ENSG00000248996	0.9999	0.9991	0.0016	0
chr5_13975909	5	ENSG00000154122	0.996	0.9999	0.0013	0
chr5_159109623	5	ENSG00000248626	0.9967	0.9997	0.0016	1
chr5_150296734	5	ENSG00000164284	1.0043	0.9975	0.0014	0
chr5_137936667	5	ENSG00000044115	1.0007	0.9992	0.0014	0
chr5_71844498	5	ENSG00000251613	1.0003	1.0001	0.003	1
chr5_139828250	5	ENSG00000112855	1.0009	0.9936	0.0017	1
chr5_137374672	5	ENSG00000146013	0.9986	0.9902	0.6512	1
chr5_155088595	5	ENSG00000164574	1.0	0.9987	0.0012	1
chr5_112046856	5	ENSG00000249947	1.004	1.0003	0.0016	0
chr5_118056717	5	ENSG00000172869	0.9996	0.9997	0.0012	0
chr5_165458075	5	ENSG00000229119	1.0054	1.0001	0.0016	0
chr5_9602068	5	ENSG00000164236	1.0014	1.0	0.0026	0
chr5_172053156	5	ENSG00000120129	1.0007	0.9968	0.0014	0
chr5_131980191	5	ENSG00000169567	0.9982	0.9977	0.0016	0
chr5_140873030	5	ENSG00000278925	1.0072	0.9976	0.0015	0
chr5_662233	5	ENSG00000251532	0.9937	0.9999	0.0227	1
chr5_66880258	5	ENSG00000250669	1.0044	0.9973	0.0021	0
chr5_42540567	5	ENSG00000151881	0.9952	0.9951	0.0023	0
chr5_1214445	5	ENSG00000249915	0.9858	0.9976	0.0023	0
chr5_139982351	5	ENSG00000248383	0.9978	1.0	0.0032	0
chr5_174636993	5	ENSG00000253959	0.9898	0.9971	0.0013	0
chr5_181271152	5	ENSG00000250222	0.9991	0.9968	0.0015	0
chr5_108587036	5	ENSG00000184349	0.9884	0.9976	0.0017	0
chr5_170527952	5	ENSG00000156427	0.9967	1.0015	0.0014	0
chr5_56144501	5	ENSG00000152669	1.0045	1.0003	0.0015	0
chr5_77860484	5	ENSG00000145708	0.9999	1.0046	0.0012	0
chr5_131920767	5	ENSG00000131437	0.9967	0.9991	0.001	0
chr5_152750047	5	ENSG00000213433	0.9997	1.0065	0.0029	0
chr5_119956803	5	ENSG00000197744	1.0082	1.0007	0.0017	0
chr5_57392207	5	ENSG00000226221	0.9969	0.9972	0.0017	0
chr5_70784396	5	ENSG00000250387	0.9997	1.0	0.0099	0
chr5_68631161	5	ENSG00000249736	0.9996	1.0046	0.0007	0
chr5_140437846	5	ENSG00000277795	0.9999	0.9993	0.0015	1
chr5_140625068	5	ENSG00000253537	1.0006	0.9986	0.0018	0
chr5_177968419	5	ENSG00000253869	0.9966	0.9993	0.0008	0
chr5_150200532	5	ENSG00000145882	1.0013	1.0034	0.0015	1
chr5_80998067	5	ENSG00000152348	0.9972	0.9996	0.0012	0
chr5_112173783	5	ENSG00000214784	1.0019	1.0026	0.0022	0
chr5_148609818	5	ENSG00000253618	1.0003	0.9998	0.0012	0
chr5_67058370	5	ENSG00000248846	1.0037	0.9989	0.0016	0
chr5_150265244	5	ENSG00000198624	0.9948	0.9993	0.0018	1
chr5_60006158	5	ENSG00000164182	1.0	0.997	0.0014	0
chr5_58088147	5	ENSG00000062194	0.9982	0.9994	0.0016	0
chr5_146393612	5	ENSG00000250343	1.0054	0.9999	0.1198	1
chr5_140687634	5	ENSG00000246422	1.0035	1.0006	0.0012	0
chr5_85239084	5	ENSG00000250320	0.9977	0.9976	0.0015	0
chr5_141592834	5	ENSG00000146007	0.9967	0.997	0.0017	0
chr5_173882054	5	ENSG00000204758	0.994	0.9967	0.0012	0
chr5_145152303	5	ENSG00000183775	0.9981	1.0016	0.0012	0
chr5_9362759	5	ENSG00000150753	0.9999	1.0009	0.0019	0
chr5_1034570	5	ENSG00000153404	0.9982	1.0041	0.0018	0
chr5_78287618	5	ENSG00000213757	0.9985	0.985	0.0015	0
chr5_133738787	5	ENSG00000198944	1.0	0.9999	0.001	0
chr5_63348854	5	ENSG00000086200	0.9973	0.9992	0.0016	0
chr5_117051088	5	ENSG00000271918	1.0027	0.9994	0.0021	0
chr5_70630168	5	ENSG00000205572	0.9997	1.0002	0.0224	0
chr5_113125944	5	ENSG00000238363	0.9969	0.9974	0.0021	0
chr5_140810216	5	ENSG00000164620	0.9994	0.9971	0.0016	0
chr5_151091116	5	ENSG00000113722	0.9995	0.9988	0.002	0
chr5_175409277	5	ENSG00000251667	1.0	1.0	0.958	1
chr5_75134818	5	ENSG00000122012	1.001	0.9999	0.0014	0
chr5_176419120	5	ENSG00000213347	0.9991	0.9996	0.0021	0
chr5_180781990	5	ENSG00000161010	0.992	1.0004	0.0018	0
chr5_137034799	5	ENSG00000246323	1.0026	0.9999	0.0009	1
chr5_135739008	5	ENSG00000145833	0.9985	0.9966	0.0011	0
chr5_33946771	5	ENSG00000205838	0.999	0.9999	0.0015	0
chr5_145091039	5	ENSG00000204928	0.9989	1.0	0.0017	0
chr5_133207261	5	ENSG00000233006	0.9983	0.9974	0.0017	0
chr5_123858800	5	ENSG00000168938	0.9968	1.0007	0.0015	0
chr5_176171193	5	ENSG00000087206	1.0019	1.0003	0.0013	0
chr5_178385610	5	ENSG00000253163	1.0032	0.998	0.0015	0
chr5_34385402	5	ENSG00000113407	0.9981	1.0027	0.0016	0
chr5_173545046	5	ENSG00000253683	1.0067	0.9969	0.0012	0
chr5_131807631	5	ENSG00000197536	0.9988	0.999	0.0017	0
chr5_128492735	5	ENSG00000250859	0.9972	0.9988	0.0017	0
chr5_108061436	5	ENSG00000176857	1.0002	1.0	0.0045	1
chr5_42164000	5	ENSG00000039537	1.0	0.997	0.0019	0
chr5_140646169	5	ENSG00000171604	1.0006	0.9952	0.0015	0
chr5_142387469	5	ENSG00000253305	1.0	0.9986	0.0027	0
chr5_158343386	5	ENSG00000172548	0.9997	0.9997	0.0014	0
chr5_113843474	5	ENSG00000129625	1.0006	1.0008	0.0015	0
chr5_53764542	5	ENSG00000241809	0.998	0.9981	0.0015	0
chr5_144971937	5	ENSG00000186314	1.0034	0.9998	0.0014	0
chr5_7558570	5	ENSG00000250056	0.9989	1.003	0.0017	0
chr5_151458237	5	ENSG00000132911	1.002	0.9994	0.0028	0
chr5_36321062	5	ENSG00000270558	1.0007	1.001	0.0016	0
chr5_79109132	5	ENSG00000132842	1.0003	0.9974	0.0015	0
chr5_13810420	5	ENSG00000261360	0.9977	0.9993	0.0011	0
chr5_172868124	5	ENSG00000254211	1.0014	0.9955	0.0026	0
chr5_59976564	5	ENSG00000272308	1.0002	0.9999	0.4318	1
chr5_141147122	5	ENSG00000113552	1.0008	1.0004	0.0011	0
chr5_38342553	5	ENSG00000082074	1.0012	0.9967	0.0015	0
chr5_9395561	5	ENSG00000279075	0.9999	1.0007	0.0013	0
chr5_179463210	5	ENSG00000050767	0.9966	1.0025	0.0016	0
chr5_149187532	5	ENSG00000241907	1.0059	0.9996	0.0015	0
chr5_118104243	5	ENSG00000283498	1.0004	1.0047	0.0015	0
chr5_99456702	5	ENSG00000251102	0.9959	1.0006	0.0016	0
chr5_156531150	5	ENSG00000251405	0.9986	0.9983	0.0017	0
chr5_15655861	5	ENSG00000246214	1.0051	0.9938	0.0014	0
chr5_140195711	5	ENSG00000113205	0.9979	0.9999	0.0012	0
chr5_83990429	5	ENSG00000249664	0.9988	1.0034	0.0016	0
chr5_60504257	5	ENSG00000250461	1.0031	0.9977	0.0018	0
chr5_134526066	5	ENSG00000270021	0.9946	1.0	0.1894	1
chr5_42731425	5	ENSG00000112992	0.9999	0.9994	0.294	1
chr5_109164	5	ENSG00000272347	0.997	1.0005	0.01	1
chr5_95997652	5	ENSG00000247121	1.0035	0.9999	0.0021	0
chr5_80495786	5	ENSG00000164329	1.0045	1.0034	0.0021	0
chr5_178849127	5	ENSG00000249684	0.9958	1.0016	0.0016	0
chr5_156750323	5	ENSG00000113272	0.999	1.0005	0.0015	0
chr5_176357917	5	ENSG00000169223	0.9997	1.0001	0.0012	0
chr5_167343617	5	ENSG00000253978	1.0	1.0096	0.0016	0
chr5_142303808	5	ENSG00000204956	0.9999	1.0029	0.0011	1
chr5_44013606	5	ENSG00000177721	0.9966	0.9997	0.0025	0
chr5_97217897	5	ENSG00000238000	1.0015	0.9969	0.0015	0
chr5_97767616	5	ENSG00000164308	1.0005	0.9951	0.0015	0
chr5_85288665	5	ENSG00000164176	0.9978	1.0051	0.0014	0
chr5_122043489	5	ENSG00000249996	0.9995	1.0	0.0018	0
chr5_80064688	5	ENSG00000113319	1.0055	0.9938	0.0015	0
chr5_133406758	5	ENSG00000270177	1.0056	0.9976	0.0012	0
chr5_56734185	5	ENSG00000177058	0.9989	0.9991	0.0016	0
chr5_129838478	5	ENSG00000113396	0.9997	0.9979	0.0019	0
chr5_94995694	5	ENSG00000272021	0.9998	0.9999	0.235	1
chr5_93070802	5	ENSG00000251023	1.007	1.002	0.0015	0
chr5_73812933	5	ENSG00000171617	0.9987	0.9982	0.0017	1
chr5_36487578	5	ENSG00000113569	0.9975	1.0	0.0013	0
chr5_95519502	5	ENSG00000251314	0.9966	1.0077	0.0014	0
chr5_963322	5	ENSG00000248994	1.0025	1.0058	0.0019	0
chr5_77121730	5	ENSG00000253558	0.9982	0.9993	0.0016	0
chr5_110568864	5	ENSG00000246859	0.9982	1.0001	0.0019	0
chr5_56168695	5	ENSG00000234602	1.0001	1.0032	0.0013	0
chr5_54238870	5	ENSG00000251307	0.9988	1.0	0.0046	1
chr5_13705229	5	ENSG00000154124	0.9879	0.9999	0.0317	1
chr5_174098728	5	ENSG00000113734	1.0047	1.0006	0.0016	0
chr5_135835890	5	ENSG00000198868	1.0002	1.0045	0.0021	0
chr5_110516	5	ENSG00000215246	0.9934	0.9996	0.0069	1
chr5_141753320	5	ENSG00000249158	0.9971	0.9996	0.0015	0
chr5_90460214	5	ENSG00000281357	0.9957	0.9999	0.0042	1
chr5_175478349	5	ENSG00000251414	0.997	0.9977	0.0014	0
chr5_109298427	5	ENSG00000145743	0.9978	1.0047	0.0015	0
chr5_174726034	5	ENSG00000253686	0.9964	1.0048	0.0011	0
chr5_174811936	5	ENSG00000113742	1.0016	0.9992	0.0017	0
chr5_37127341	5	ENSG00000152620	0.9966	1.004	0.0018	0
chr5_176991926	5	ENSG00000182230	0.9998	0.9909	0.0014	0
chr5_161259296	5	ENSG00000164609	1.0071	0.9953	0.0016	0
chr5_73444052	5	ENSG00000178175	1.0074	0.9952	0.0016	0
chr5_176527345	5	ENSG00000240729	1.0014	1.0	0.0021	1
chr5_74098206	5	ENSG00000250889	0.999	1.002	0.0017	0
chr5_22423958	5	ENSG00000233974	1.0061	1.0004	0.0018	0
chr5_134001920	5	ENSG00000152705	0.9936	0.9954	0.0019	0
chr5_1097509	5	ENSG00000073578	0.9969	0.9971	0.0015	0
chr5_140181928	5	ENSG00000170482	0.9989	1.0022	0.0013	0
chr5_140621119	5	ENSG00000240764	1.0021	0.9972	0.0015	0
chr5_56149302	5	ENSG00000164294	1.0003	1.0063	0.0015	0
chr5_56442995	5	ENSG00000279883	1.0	0.9976	0.0014	0
chr5_95429898	5	ENSG00000133302	0.9995	0.9988	0.0018	1
chr5_158584427	5	ENSG00000039600	0.9999	1.0012	0.0028	0
chr5_92662	5	ENSG00000164366	0.9999	0.9987	0.0012	0
chr5_133126342	5	ENSG00000113583	0.9994	0.9996	0.0014	0
chr5_94674464	5	ENSG00000178015	1.0004	1.0001	0.0014	0
chr5_70443445	5	ENSG00000183474	1.0001	1.0	0.0219	1
chr5_95838177	5	ENSG00000249180	1.0035	0.9963	0.0017	0
chr5_42697278	5	ENSG00000248554	1.0004	0.9982	0.0018	0
chr5_139549578	5	ENSG00000245146	0.999	0.9995	0.0013	0
chr5_54524437	5	ENSG00000164258	0.9977	1.0042	0.0021	0
chr5_121117874	5	ENSG00000113083	0.9971	0.9976	0.0029	0
chr5_73938758	5	ENSG00000271926	0.9998	0.9988	0.0016	0
chr5_14665387	5	ENSG00000183580	1.0013	0.9962	0.0013	0
chr5_172794385	5	ENSG00000145919	1.0053	0.9999	0.0034	0
chr5_180827132	5	ENSG00000245317	0.9998	0.9986	0.0016	0
chr5_175451544	5	ENSG00000175414	1.0049	0.9942	0.0014	0
chr5_181246429	5	ENSG00000146054	1.0	1.0016	0.0014	0
chr5_52266665	5	ENSG00000016082	0.9993	1.0004	0.0013	0
chr5_502501	5	ENSG00000279908	0.9977	1.0049	0.0015	0
chr5_180228473	5	ENSG00000250900	0.9973	0.9973	0.0016	1
chr5_148817627	5	ENSG00000164265	0.9999	0.9968	0.0032	0
chr5_42741331	5	ENSG00000205765	0.9999	0.9979	0.0016	0
chr5_181290418	5	ENSG00000183718	0.9989	1.0001	0.0017	0
chr5_32139391	5	ENSG00000113361	1.0003	1.0059	0.0017	0
chr5_174804853	5	ENSG00000145920	0.9989	0.9976	0.0283	1
chr5_140370838	5	ENSG00000184584	0.9992	0.9989	0.0016	1
chr5_89513667	5	ENSG00000260871	0.9952	1.0004	0.0025	0
chr5_121843970	5	ENSG00000064652	1.0001	0.9997	0.0015	0
chr5_6894099	5	ENSG00000215217	1.0059	0.9996	0.0019	0
chr5_177968419	5	ENSG00000113761	0.9969	0.9977	0.0034	1
chr5_32156498	5	ENSG00000250482	1.003	0.9976	0.0016	0
chr5_177965220	5	ENSG00000169131	1.0031	1.0002	0.0013	0
chr5_35342996	5	ENSG00000245711	0.9994	1.0001	0.1475	1
chr5_91422657	5	ENSG00000113356	1.0001	0.9985	0.0029	0
chr5_41631907	5	ENSG00000145592	0.9997	0.9996	0.0021	1
chr5_128484143	5	ENSG00000164244	1.0	1.0003	0.0015	0
chr5_43928441	5	ENSG00000272382	1.0066	0.9972	0.0015	0
chr5_113970995	5	ENSG00000172795	1.004	0.9963	0.0014	0
chr5_168405811	5	ENSG00000184347	0.998	0.9999	0.0016	0
chr5_151586414	5	ENSG00000132912	1.0007	1.0021	0.0017	0
chr5_37602850	5	ENSG00000250155	0.9981	0.9999	0.0019	0
chr5_73389737	5	ENSG00000261269	0.997	1.0002	0.0014	0
chr5_95690715	5	ENSG00000153113	0.9974	1.0006	0.0429	1
chr5_69960935	5	ENSG00000250237	0.9999	0.9999	0.0065	1
chr5_178583867	5	ENSG00000176783	0.9988	1.0002	0.003	0
chr5_178298658	5	ENSG00000169230	0.9995	1.004	0.0016	0
chr5_152048757	5	ENSG00000145901	1.0005	1.0024	0.0011	0
chr5_42783936	5	ENSG00000248092	0.9967	0.9996	0.002	0
chr5_56017652	5	ENSG00000113088	0.9968	1.0075	0.0015	0
chr5_25048174	5	ENSG00000251593	1.0046	0.9998	0.0022	0
chr5_140446970	5	ENSG00000253873	1.0002	0.9998	0.0024	1
chr5_70112792	5	ENSG00000134058	0.9999	0.9998	0.0284	1
chr5_89664757	5	ENSG00000164199	0.9964	0.9995	0.0017	0
chr5_65095887	5	ENSG00000164197	1.0	1.0029	0.0016	0
chr5_179932967	5	ENSG00000272431	0.9998	1.0046	0.0013	0
chr5_111505901	5	ENSG00000278921	0.9991	1.0	0.0024	0
chr5_77496637	5	ENSG00000245556	0.9973	0.999	0.0023	0
chr5_131158455	5	ENSG00000164398	1.0047	0.9996	0.002	0
chr5_1370144	5	ENSG00000225138	0.9974	1.0008	0.0018	0
chr5_140672096	5	ENSG00000262209	1.0002	1.0002	0.0018	0
chr5_140184888	5	ENSG00000113211	1.0004	1.0006	0.027	1
chr5_125793101	5	ENSG00000242814	0.9977	1.0011	0.0016	0
chr5_84550805	5	ENSG00000243859	1.0015	0.9995	0.0015	0
chr5_80952681	5	ENSG00000113296	0.9989	0.9986	0.001	0
chr5_140958349	5	ENSG00000182700	0.9975	1.0016	0.0015	0
chr5_63623390	5	ENSG00000186479	1.0004	0.9955	0.0014	0
chr5_147575226	5	ENSG00000251330	0.9985	0.9997	0.0025	0
chr5_75925070	5	ENSG00000176928	0.9986	0.9992	0.0016	0
chr5_181258899	5	ENSG00000248560	1.0	1.0024	0.0021	0
chr5_141483904	5	ENSG00000120314	1.0016	1.0027	0.0014	0
chr5_138365815	5	ENSG00000152377	0.9996	0.9984	0.0014	0
chr5_43893863	5	ENSG00000272335	1.0051	0.9932	0.0011	0
chr5_111207156	5	ENSG00000250882	1.0	0.9976	0.0016	0
chr5_179190411	5	ENSG00000197451	1.0	1.0044	0.0013	0
chr5_88105536	5	ENSG00000272367	0.9994	0.9959	0.0016	0
chr5_176524669	5	ENSG00000146094	1.0041	1.0001	0.0021	0
chr5_55858770	5	ENSG00000228650	0.9996	1.0	0.0072	1
chr5_139662134	5	ENSG00000131495	1.0013	1.0001	0.0012	0
chr5_177439005	5	ENSG00000169258	0.9978	0.9996	0.0016	0
chr5_73116469	5	ENSG00000249293	1.0038	0.9999	0.0016	0
chr5_180675366	5	ENSG00000127022	1.0002	1.0019	0.0015	0
chr5_52303389	5	ENSG00000164172	0.9966	0.9922	0.0042	1
chr5_714087	5	ENSG00000188002	1.0033	0.9998	0.0019	0
chr5_138496269	5	ENSG00000170476	1.0028	0.9963	0.0015	0
chr5_141268105	5	ENSG00000131503	1.0015	1.0039	0.0015	0
chr5_53430004	5	ENSG00000185305	1.005	1.0046	0.0015	0
chr5_88180585	5	ENSG00000145715	0.9936	0.9972	0.0014	1
chr5_15655548	5	ENSG00000173545	0.9995	0.9999	0.0555	1
chr5_181269137	5	ENSG00000204628	0.9997	1.0018	0.0013	0
chr5_116930492	5	ENSG00000172901	1.0002	0.9957	0.0011	0
chr5_39940399	5	ENSG00000132357	0.9961	1.0077	0.0018	0
chr5_176434684	5	ENSG00000169220	1.0038	0.9998	0.001	1
chr5_79767448	5	ENSG00000145685	0.9982	1.0024	0.0012	0
chr5_180875957	5	ENSG00000197226	0.9999	0.9976	0.0057	0
chr5_149705676	5	ENSG00000169252	0.9978	0.9967	0.0022	0
chr5_133598729	5	ENSG00000251169	0.9991	1.0	0.0012	0
chr5_35639173	5	ENSG00000039560	1.0	1.0029	0.0031	0
chr5_159991483	5	ENSG00000253417	1.0025	1.0	0.0024	0
chr5_57779345	5	ENSG00000155542	0.9995	0.9964	0.0015	0
chr5_155689226	5	ENSG00000155506	0.9995	1.01	0.0014	0
chr5_83903181	5	ENSG00000174695	0.9976	0.9994	0.0014	0
chr5_97989918	5	ENSG00000153922	0.9968	0.9964	0.005	1
chr5_54540815	5	ENSG00000067113	0.9989	1.0	0.0026	0
chr5_39676424	5	ENSG00000249740	0.9987	1.0015	0.0015	0
chr5_43618289	5	ENSG00000248464	0.9944	0.9996	0.0037	0
chr5_62306834	5	ENSG00000251682	0.9964	1.0008	0.0011	0
chr5_75685328	5	ENSG00000164220	1.0044	1.0054	0.0016	0
chr5_70307247	5	ENSG00000215006	1.0	1.0003	0.0444	0
chr5_42090390	5	ENSG00000272144	1.0019	0.9998	0.0019	0
chr5_70401171	5	ENSG00000253203	0.9998	1.0	0.0249	0
chr5_115070743	5	ENSG00000185641	1.0003	1.0003	0.2104	1
chr5_140770957	5	ENSG00000228737	1.0056	1.0014	0.0015	0
chr5_124440330	5	ENSG00000151292	1.0	0.9991	0.002	0
chr5_161320980	5	ENSG00000145861	0.9998	1.0053	0.0016	0
chr5_150638193	5	ENSG00000271795	0.9982	0.9988	0.0015	0
chr5_77389791	5	ENSG00000145703	0.9999	0.9983	0.0015	0
chr5_135049325	5	ENSG00000120708	0.9999	0.9999	0.0022	0
chr5_179856170	5	ENSG00000113262	0.9958	1.0001	0.0039	1
chr5_73773756	5	ENSG00000083312	0.9999	1.0044	0.002	0
chr5_42345647	5	ENSG00000182836	0.9998	0.9982	0.0012	0
chr5_39589451	5	ENSG00000113594	1.0011	0.9993	0.0016	0
chr5_33965528	5	ENSG00000240376	1.0008	0.9982	0.0017	1
chr5_141804553	5	ENSG00000081842	0.997	1.0017	0.0015	0
chr5_55673605	5	ENSG00000234553	1.0008	1.0001	0.0027	0
chr5_90487470	5	ENSG00000251093	1.003	1.0022	0.0016	0
chr5_9448693	5	ENSG00000259802	0.9997	1.0	0.5655	1
chr5_140501884	5	ENSG00000253731	0.9979	1.0003	0.0199	1
chr5_79142419	5	ENSG00000177034	0.9985	0.9995	0.0017	0
chr5_139877267	5	ENSG00000170458	0.9952	1.0	0.0014	0
chr5_53972932	5	ENSG00000164171	1.0038	0.9965	0.0015	0
chr5_55696851	5	ENSG00000225940	1.0005	0.998	0.0019	1
chr5_70112804	5	ENSG00000152939	1.0002	1.0001	0.0273	0
chr5_178474201	5	ENSG00000146067	0.9971	0.998	0.0015	0
chr5_140955135	5	ENSG00000120306	1.0032	0.996	0.0015	1
chr5_131762094	5	ENSG00000113522	0.9995	0.9925	0.0013	0
chr5_78742251	5	ENSG00000164309	0.9975	0.9995	0.0013	0
chr5_55551147	5	ENSG00000248727	1.0009	0.9961	0.0018	0
chr5_70021200	5	ENSG00000145740	1.0004	1.0002	0.0121	0
chr5_179833213	5	ENSG00000280161	0.9967	1.0001	0.0028	0
chr5_89512394	5	ENSG00000153140	0.999	0.9921	0.0059	1
chr5_111921115	5	ENSG00000279522	1.0014	0.9967	0.0019	0
chr5_146876190	5	ENSG00000164266	0.9985	0.9998	0.004	0
chr5_79697603	5	ENSG00000249042	0.9965	1.007	0.0029	0
chr5_8748737	5	ENSG00000124275	1.0012	1.0011	0.0015	0
chr5_145229507	5	ENSG00000173261	0.9954	1.0008	0.0015	0
chr5_173369182	5	ENSG00000174705	0.9993	0.9987	0.0014	0
chr5_127213379	5	ENSG00000064651	0.9969	1.0002	0.0016	0
chr5_135498711	5	ENSG00000043143	1.0041	1.0004	0.0013	0
chr5_178988982	5	ENSG00000145912	0.9964	0.9982	0.0015	0
chr5_139766515	5	ENSG00000213523	0.9997	1.0001	0.3591	1
chr5_141201647	5	ENSG00000113070	1.0072	1.0015	0.0015	0
chr5_38331891	5	ENSG00000082068	0.9979	0.9977	0.0016	0
chr5_678693	5	ENSG00000271119	1.0011	1.0	0.002	0
chr5_80952016	5	ENSG00000145687	1.0014	1.0032	0.0015	0
chr5_74000276	5	ENSG00000157111	1.0	1.0048	0.0015	0
chr5_96248726	5	ENSG00000145721	0.9948	1.0022	0.0018	0
chr5_174499586	5	ENSG00000254164	0.9999	1.0016	0.0023	0
chr5_57796994	5	ENSG00000095015	1.0	1.0023	0.0018	0
chr5_134194526	5	ENSG00000069011	0.992	1.0003	0.0022	0
chr5_36021764	5	ENSG00000164190	0.9964	1.002	0.0017	1
chr5_135142921	5	ENSG00000113558	0.9958	0.9987	0.0013	0
chr5_110620917	5	ENSG00000112893	0.9975	0.9999	0.0016	0
chr5_61370940	5	ENSG00000152931	0.9999	0.9979	0.0011	0
chr5_132567334	5	ENSG00000217128	0.9997	0.9993	0.0016	0
chr5_179659151	5	ENSG00000161055	0.996	1.0004	0.0021	0
chr5_35391206	5	ENSG00000164188	0.9995	1.0001	0.0286	1
chr5_70630168	5	ENSG00000251634	1.0001	0.9999	0.0166	0
chr5_178103155	5	ENSG00000254035	1.0031	0.9921	0.0021	0
chr5_59747201	5	ENSG00000035499	1.0027	0.9991	0.0012	0
chr5_175507479	5	ENSG00000048162	1.0044	0.9998	0.0019	0
chr5_34752005	5	ENSG00000152582	0.9962	0.9902	0.0019	0
chr5_92277729	5	ENSG00000234292	0.9999	0.9988	0.0021	0
chr5_141502914	5	ENSG00000283602	0.9974	0.9956	0.0018	0
chr5_24861232	5	ENSG00000248874	1.0033	0.9989	0.0015	0
chr5_60240522	5	ENSG00000188725	1.0001	0.9999	0.8712	1
chr5_64102904	5	ENSG00000272354	1.0051	0.997	0.0016	0
chr5_81469597	5	ENSG00000251221	1.0043	0.9981	0.0015	0
chr5_135786602	5	ENSG00000113621	1.0008	0.9958	0.0016	0
chr5_111681213	5	ENSG00000186952	1.0125	0.9988	0.0017	0
chr5_87585910	5	ENSG00000207129	0.9973	1.0	0.0014	0
chr5_38584230	5	ENSG00000153071	0.9906	0.9998	0.0908	1
chr5_141692477	5	ENSG00000255408	0.9977	1.0036	0.0016	0
chr5_89722785	5	ENSG00000248309	0.9991	1.0034	0.0016	0
chr5_151092475	5	ENSG00000214485	0.9992	0.9994	0.0016	0
chr5_39725866	5	ENSG00000171522	0.998	1.0026	0.0017	0
chr5_99610782	5	ENSG00000174132	1.0023	0.999	0.0021	0
chr5_180290643	5	ENSG00000248103	1.0037	1.0	0.0011	0
chr5_150710464	5	ENSG00000249035	1.0011	0.9979	0.0022	1
chr5_148616584	5	ENSG00000127743	0.9974	0.9909	0.001	0
chr5_170321778	5	ENSG00000253213	0.9966	0.9982	0.0017	0
chr5_122229311	5	ENSG00000263432	1.0001	0.9905	0.0024	1
chr5_118413005	5	ENSG00000145779	1.0013	1.0	0.002	0
chr5_67540480	5	ENSG00000069020	0.9965	0.9968	0.0015	0
chr5_177782040	5	ENSG00000113240	0.9968	0.9998	0.002	0
chr5_110248866	5	ENSG00000198961	0.9975	1.0034	0.0019	0
chr5_7408587	5	ENSG00000215218	1.0069	0.9968	0.0015	0
chr5_74514653	5	ENSG00000164338	0.9966	0.9967	0.0015	1
chr5_168629576	5	ENSG00000253357	1.0036	1.0057	0.0016	0
chr5_176998593	5	ENSG00000170074	0.9972	0.9942	0.0016	0
chr5_112033873	5	ENSG00000134987	0.9999	1.0068	0.0013	0
chr5_77777438	5	ENSG00000171643	1.0009	1.0082	0.0014	0
chr5_178786928	5	ENSG00000161021	1.0047	1.0001	0.0099	1
chr5_178916080	5	ENSG00000249129	0.998	1.0062	0.0012	0
chr5_135011973	5	ENSG00000164616	1.005	1.0	0.0012	0
chr5_70047743	5	ENSG00000085231	1.0	1.0	0.018	0
chr5_122095842	5	ENSG00000061455	0.999	0.9964	0.0085	0
chr5_37754526	5	ENSG00000244968	1.0085	0.9994	0.0013	0
chr5_113664671	5	ENSG00000134982	0.9999	1.002	0.0011	0
chr5_131529486	5	ENSG00000125347	0.993	0.9997	0.0017	0
chr5_156027335	5	ENSG00000145850	0.9986	1.0016	0.0018	0
chr5_31200754	5	ENSG00000272086	0.9994	1.0	0.1739	1
chr5_158248926	5	ENSG00000248544	0.9969	1.002	0.0017	0
chr5_181182664	5	ENSG00000196670	1.0034	1.0049	0.0016	0
chr5_137649066	5	ENSG00000113013	0.9993	0.9903	0.002	0
chr5_30610993	5	ENSG00000082213	1.0039	0.999	0.0014	0
chr5_121908172	5	ENSG00000260686	0.998	0.9995	0.0545	1
chr5_102096949	5	ENSG00000175749	1.0121	1.0004	0.0103	1
chr5_143124276	5	ENSG00000280047	1.0061	0.9966	0.0016	0
chr5_51582787	5	ENSG00000151883	1.0001	0.9996	0.0025	0
chr5_44425600	5	ENSG00000249492	1.0031	1.0001	0.0015	0
chr5_85934893	5	ENSG00000242477	1.002	0.9975	0.0018	1
chr5_142321164	5	ENSG00000262576	0.9949	0.995	0.0018	0
chr5_5023765	5	ENSG00000261037	1.0009	1.0016	0.0042	1
chr5_148141147	5	ENSG00000169247	1.0031	1.0006	0.0024	0
chr5_78286567	5	ENSG00000145692	0.9981	0.9995	0.0018	0
chr5_80310817	5	ENSG00000131732	1.0015	1.0011	0.0015	0
chr5_176565948	5	ENSG00000279821	0.9992	0.9998	0.0055	0
chr5_113156604	5	ENSG00000251187	0.9979	0.9974	0.0016	0
chr5_8912681	5	ENSG00000249781	1.0044	0.9995	0.0014	0
chr5_174369922	5	ENSG00000253968	0.9998	0.9974	0.0028	0
chr5_167807246	5	ENSG00000233913	1.0002	1.0027	0.0016	0
chr5_37869212	5	ENSG00000249850	1.0002	1.0008	0.0016	1
chr5_140950389	5	ENSG00000156453	0.9975	1.0035	0.0054	1
