Signal	Num_SNP	CPIP_qtl	CPIP_gwas_marginal	CPIP_gwas_qtl_prior	RCP	LCP	gene_id	chrom	IS_POSITIVE
ENSG00000145817:2(@)loc_5_83	34	0.9901	0.01	0.0308	0.0298	0.031	ENSG00000145817	5	0
ENSG00000248323:1(@)loc_5_52	11	0.9865	0.0012	0.1711	0.1697	0.1697	ENSG00000248323	5	0
ENSG00000221886:1(@)loc_5_93	1	0.0253	0.0002	0.0009	0.0008	0.0008	ENSG00000221886	5	1
ENSG00000249364:1(@)loc_5_39	35	0.9952	0.0151	0.0549	0.0534	0.0534	ENSG00000249364	5	0
ENSG00000168724:1(@)loc_5_22	6	0.9997	0.0063	0.1358	0.1351	0.1351	ENSG00000168724	5	1
ENSG00000272057:1(@)loc_5_10	18	0.9893	0.0007	0.0717	0.0705	0.072	ENSG00000272057	5	0
ENSG00000138829:1(@)loc_5_76	32	0.9898	0.0146	0.045	0.0434	0.0502	ENSG00000138829	5	0
ENSG00000113716:2(@)loc_5_86	10	0.9997	0.0032	0.0329	0.0326	0.0326	ENSG00000113716	5	0
ENSG00000113575:1(@)loc_5_79	1	0.0123	0.0001	0.0004	0.0004	0.0004	ENSG00000113575	5	0
ENSG00000170464:2(@)loc_5_81	20	0.9999	0.0078	0.0377	0.0369	0.0425	ENSG00000170464	5	0
ENSG00000146083:1(@)loc_5_104	4	0.9925	0.0001	0.0016	0.0016	0.0016	ENSG00000146083	5	0
ENSG00000079215:2(@)loc_5_23	72	0.9999	0.0021	0.0669	0.0625	0.0663	ENSG00000079215	5	0
ENSG00000254042:1(@)loc_5_99	1	0.9974	0.0002	0.0575	0.0575	0.0575	ENSG00000254042	5	0
ENSG00000145864:2(@)loc_5_94	5	0.0081	0.0019	0.0004	0.0003	0.0003	ENSG00000145864	5	0
ENSG00000113504:1(@)loc_5_0	5	0.9837	0.0014	0.1552	0.1545	0.1601	ENSG00000113504	5	0
ENSG00000131459:1(@)loc_5_107	59	0.9854	0.1225	0.5246	0.501	0.501	ENSG00000131459	5	1
ENSG00000272109:1(@)loc_5_55	2	0.9936	0.001	0.0539	0.0538	0.0545	ENSG00000272109	5	0
ENSG00000173221:1(@)loc_5_55	3	0.9939	0.453	0.9216	0.9179	0.9458	ENSG00000173221	5	1
ENSG00000164512:1(@)loc_5_31	317	0.9982	0.0247	0.0914	0.0691	0.0926	ENSG00000164512	5	0
ENSG00000113231:2(@)loc_5_43	1	0.9974	0.0024	0.1924	0.1924	0.1924	ENSG00000113231	5	0
ENSG00000205089:1(@)loc_5_78	14	0.9932	0.0002	0.0427	0.042	0.0553	ENSG00000205089	5	0
ENSG00000213430:2(@)loc_5_14	6	0.0066	0.0024	0.0005	0.0003	0.0003	ENSG00000213430	5	0
ENSG00000055147:1(@)loc_5_88	9	0.1455	0.0016	0.0055	0.0052	0.0052	ENSG00000055147	5	1
ENSG00000164615:2(@)loc_5_79	11	0.0294	0.0024	0.0008	0.0006	0.0006	ENSG00000164615	5	0
ENSG00000254373:1(@)loc_5_92	37	0.2201	0.014	0.0159	0.0133	0.0151	ENSG00000254373	5	0
ENSG00000170561:1(@)loc_5_1	34	0.998	0.0203	0.0644	0.0624	0.0624	ENSG00000170561	5	0
ENSG00000183876:1(@)loc_5_87	13	0.1799	0.0007	0.0101	0.0095	0.0095	ENSG00000183876	5	0
ENSG00000122008:1(@)loc_5_43	11	0.9968	0.0005	0.0062	0.0062	0.0078	ENSG00000122008	5	0
ENSG00000113456:2(@)loc_5_22	1	0.998	0.0015	0.1601	0.1601	0.1601	ENSG00000113456	5	0
ENSG00000037749:1(@)loc_5_88	37	0.9975	0.0089	0.0209	0.0201	0.0236	ENSG00000037749	5	0
ENSG00000280420:2(@)loc_5_79	24	0.9982	0.0027	0.0495	0.0484	0.0503	ENSG00000280420	5	0
ENSG00000175471:1(@)loc_5_54	1	0.313	0.0003	0.0402	0.0401	0.0401	ENSG00000175471	5	0
ENSG00000049656:1(@)loc_5_0	13	0.9919	0.0032	0.024	0.0238	0.0241	ENSG00000049656	5	0
ENSG00000145936:1(@)loc_5_100	43	0.0882	0.0586	0.0529	0.0337	0.0337	ENSG00000145936	5	1
ENSG00000251666:1(@)loc_5_105	15	0.9995	0.0016	0.0375	0.0369	0.042	ENSG00000251666	5	0
ENSG00000186105:1(@)loc_5_35	3	0.0111	0.0003	0.0009	0.0007	0.0007	ENSG00000186105	5	0
ENSG00000183666:1(@)loc_5_14	2	0.9915	0.0009	0.0369	0.0369	0.0369	ENSG00000183666	5	0
ENSG00000170085:2(@)loc_5_104	29	0.0303	0.0179	0.0036	0.0017	0.0019	ENSG00000170085	5	0
ENSG00000113615:1(@)loc_5_79	6	0.9964	0.0084	0.1188	0.1182	0.1224	ENSG00000113615	5	0
ENSG00000245688:1(@)loc_5_105	2	0.992	0.0003	0.0548	0.0547	0.0565	ENSG00000245688	5	0
ENSG00000049860:1(@)loc_5_42	3	0.9953	0.3496	0.9376	0.9361	0.9361	ENSG00000049860	5	1
ENSG00000280159:1(@)loc_5_30	19	0.9953	0.0073	0.0355	0.0349	0.0349	ENSG00000280159	5	0
ENSG00000113360:2(@)loc_5_20	22	0.9997	0.0037	0.0573	0.0559	0.0642	ENSG00000113360	5	0
ENSG00000120725:1(@)loc_5_81	5	0.9761	0.0006	0.0422	0.0421	0.0421	ENSG00000120725	5	0
ENSG00000250961:1(@)loc_5_32	8	0.9989	0.0014	0.0289	0.0287	0.0288	ENSG00000250961	5	0
ENSG00000151388:1(@)loc_5_21	8	0.9729	0.002	0.0237	0.0234	0.0304	ENSG00000151388	5	0
ENSG00000198055:2(@)loc_5_105	21	0.978	0.2118	0.4961	0.4848	0.519	ENSG00000198055	5	0
ENSG00000247627:1(@)loc_5_79	2	0.9999	0.0015	0.2986	0.2983	0.2983	ENSG00000247627	5	0
ENSG00000213763:1(@)loc_5_44	1	0.9986	0.0002	0.1403	0.1403	0.1403	ENSG00000213763	5	0
ENSG00000222448:1(@)loc_5_106	143	0.9939	0.0129	0.0881	0.0772	0.0878	ENSG00000222448	5	0
ENSG00000120324:1(@)loc_5_82	5	0.9999	0.0006	0.0791	0.0789	0.0789	ENSG00000120324	5	0
ENSG00000078795:1(@)loc_5_80	1	0.9943	0.0003	0.0317	0.0317	0.0317	ENSG00000078795	5	0
ENSG00000279400:1(@)loc_5_23	40	0.9744	0.0013	0.0555	0.0533	0.0581	ENSG00000279400	5	0
ENSG00000271752:1(@)loc_5_28	1	0.996	0.0005	0.0571	0.0571	0.0571	ENSG00000271752	5	0
ENSG00000145741:1(@)loc_5_42	20	1.0	0.0034	0.0713	0.07	0.07	ENSG00000145741	5	0
ENSG00000251495:1(@)loc_5_46	24	0.9954	0.0034	0.1143	0.1118	0.1122	ENSG00000251495	5	0
ENSG00000249899:1(@)loc_5_29	93	0.9835	0.0223	0.025	0.0229	0.0246	ENSG00000249899	5	0
ENSG00000145623:1(@)loc_5_24	5	0.9953	0.0008	0.076	0.0756	0.0849	ENSG00000145623	5	0
ENSG00000038274:1(@)loc_5_95	1	0.9957	0.0002	0.0179	0.0179	0.0179	ENSG00000038274	5	0
ENSG00000171444:1(@)loc_5_65	1	0.9999	0.0001	0.1135	0.1135	0.1135	ENSG00000171444	5	0
ENSG00000249412:1(@)loc_5_107	19	0.9943	0.0072	0.038	0.0374	0.0381	ENSG00000249412	5	0
ENSG00000253966:1(@)loc_5_100	8	0.9965	0.0025	0.0306	0.0304	0.0326	ENSG00000253966	5	0
ENSG00000248126:2(@)loc_5_0	13	0.9966	0.0032	0.0488	0.0485	0.0485	ENSG00000248126	5	0
ENSG00000113600:1(@)loc_5_24	4	0.0403	0.0014	0.0012	0.0011	0.0011	ENSG00000113600	5	0
ENSG00000185056:1(@)loc_5_102	54	0.0996	0.0041	0.0088	0.0058	0.0058	ENSG00000185056	5	0
ENSG00000272130:1(@)loc_5_14	13	0.9993	0.0092	0.0948	0.0941	0.0941	ENSG00000272130	5	0
ENSG00000072682:1(@)loc_5_78	142	0.9478	0.0187	0.0632	0.055	0.0625	ENSG00000072682	5	0
ENSG00000184845:1(@)loc_5_104	7	0.9914	0.0015	0.0177	0.0176	0.0181	ENSG00000184845	5	0
ENSG00000161013:2(@)loc_5_106	161	0.9999	0.0923	0.0769	0.0668	0.0736	ENSG00000161013	5	0
ENSG00000113643:1(@)loc_5_99	1	0.9932	0.0013	0.1063	0.1063	0.1063	ENSG00000113643	5	0
ENSG00000249119:2(@)loc_5_79	5	0.8682	0.0019	0.0322	0.0321	0.0353	ENSG00000249119	5	0
ENSG00000113749:2(@)loc_5_104	3	0.9981	0.0046	0.1392	0.1389	0.1392	ENSG00000113749	5	0
ENSG00000146021:1(@)loc_5_80	1	0.9856	0.0109	0.4299	0.4299	0.4299	ENSG00000146021	5	1
ENSG00000157510:1(@)loc_5_86	22	0.9933	0.0007	0.0606	0.0595	0.0595	ENSG00000157510	5	0
ENSG00000227908:1(@)loc_5_31	16	0.4358	0.0015	0.0352	0.0338	0.0356	ENSG00000227908	5	0
ENSG00000218227:1(@)loc_5_105	20	0.9855	0.0009	0.049	0.0478	0.0613	ENSG00000218227	5	0
ENSG00000067248:1(@)loc_5_30	3	0.9941	0.0087	0.2633	0.2629	0.2629	ENSG00000067248	5	0
ENSG00000113108:1(@)loc_5_81	7	1.0	0.0019	0.0267	0.0265	0.0268	ENSG00000113108	5	0
ENSG00000204764:2(@)loc_5_100	1	0.9962	0.0005	0.0449	0.0449	0.0449	ENSG00000204764	5	0
ENSG00000133835:1(@)loc_5_70	7	0.5714	0.006	0.0415	0.0411	0.0411	ENSG00000133835	5	0
ENSG00000019582:2(@)loc_5_87	13	0.0228	0.0034	0.0009	0.0006	0.0006	ENSG00000019582	5	0
ENSG00000145782:1(@)loc_5_67	5	0.9962	0.0011	0.0154	0.0153	0.0186	ENSG00000145782	5	0
ENSG00000244073:1(@)loc_5_23	10	0.9979	0.0021	0.0204	0.0202	0.0202	ENSG00000244073	5	0
ENSG00000152932:2(@)loc_5_33	38	0.9999	0.01	0.0341	0.0334	0.0334	ENSG00000152932	5	0
ENSG00000175745:2(@)loc_5_54	9	0.0232	0.0011	0.0006	0.0004	0.0005	ENSG00000175745	5	0
ENSG00000250764:1(@)loc_5_20	3	0.8988	0.0018	0.0989	0.0988	0.0988	ENSG00000250764	5	0
ENSG00000204659:2(@)loc_5_106	1	0.995	0.0004	0.0346	0.0346	0.0346	ENSG00000204659	5	0
ENSG00000234290:1(@)loc_5_78	72	0.9844	0.6194	0.5501	0.4991	0.62	ENSG00000234290	5	1
ENSG00000135083:1(@)loc_5_93	2	0.993	0.0006	0.0251	0.0251	0.0251	ENSG00000135083	5	0
ENSG00000169570:1(@)loc_5_71	4	0.1545	0.0006	0.0121	0.0118	0.0118	ENSG00000169570	5	0
ENSG00000146001:1(@)loc_5_82	23	0.976	0.0051	0.0126	0.0121	0.0227	ENSG00000146001	5	0
ENSG00000131507:1(@)loc_5_82	1	0.9983	0.0	0.0616	0.0616	0.0616	ENSG00000131507	5	0
ENSG00000249494:1(@)loc_5_70	2	0.9964	0.0006	0.0272	0.0272	0.0272	ENSG00000249494	5	0
ENSG00000186468:1(@)loc_5_47	9	0.997	0.0037	0.0459	0.0456	0.0456	ENSG00000186468	5	0
ENSG00000168903:2(@)loc_5_108	6	0.9713	0.0003	0.1302	0.1295	0.1295	ENSG00000168903	5	0
ENSG00000120149:2(@)loc_5_103	21	0.9923	0.0045	0.0184	0.018	0.0184	ENSG00000120149	5	0
ENSG00000145736:1(@)loc_5_41	1	0.9991	0.0003	0.0309	0.0309	0.0309	ENSG00000145736	5	0
ENSG00000187678:1(@)loc_5_83	1	0.0038	0.0001	0.0003	0.0003	0.0003	ENSG00000187678	5	0
ENSG00000068796:1(@)loc_5_35	14	0.9957	0.0037	0.0291	0.0288	0.0288	ENSG00000068796	5	0
ENSG00000231185:1(@)loc_5_83	38	0.3981	0.0022	0.0191	0.0174	0.0181	ENSG00000231185	5	0
ENSG00000132837:1(@)loc_5_44	3	0.9518	0.0001	0.091	0.0908	0.091	ENSG00000132837	5	0
ENSG00000015479:2(@)loc_5_81	58	0.997	0.0012	0.0735	0.0694	0.0756	ENSG00000015479	5	0
ENSG00000254245:2(@)loc_5_82	5	0.3482	0.0016	0.075	0.074	0.074	ENSG00000254245	5	0
ENSG00000181751:1(@)loc_5_59	128	0.863	0.0373	0.0274	0.0232	0.0316	ENSG00000181751	5	0
ENSG00000272108:2(@)loc_5_82	107	0.9986	0.0129	0.0684	0.0615	0.071	ENSG00000272108	5	0
ENSG00000043462:1(@)loc_5_100	4	0.9963	0.0017	0.0619	0.0618	0.0618	ENSG00000043462	5	0
ENSG00000226040:1(@)loc_5_82	46	0.9971	0.0089	0.0244	0.0234	0.0234	ENSG00000226040	5	0
ENSG00000176049:1(@)loc_5_85	3	0.9395	0.0012	0.0405	0.0404	0.0404	ENSG00000176049	5	0
ENSG00000164300:2(@)loc_5_45	5	0.0255	0.001	0.0003	0.0002	0.0004	ENSG00000164300	5	0
ENSG00000150712:1(@)loc_5_20	12	0.9959	0.0025	0.0183	0.0181	0.0181	ENSG00000150712	5	0
ENSG00000164327:1(@)loc_5_24	6	0.9877	0.0072	0.1368	0.1362	0.1362	ENSG00000164327	5	0
ENSG00000049167:1(@)loc_5_35	69	0.9876	0.017	0.0319	0.0297	0.0342	ENSG00000049167	5	0
ENSG00000145794:1(@)loc_5_75	3	0.9928	0.0006	0.0401	0.04	0.04	ENSG00000145794	5	0
ENSG00000251076:1(@)loc_5_64	81	0.9612	0.0074	0.0432	0.0399	0.0422	ENSG00000251076	5	0
ENSG00000081059:2(@)loc_5_79	42	0.4415	0.0112	0.0607	0.0548	0.0601	ENSG00000081059	5	0
ENSG00000272523:1(@)loc_5_62	3	0.9995	0.0032	0.0901	0.09	0.09	ENSG00000272523	5	1
ENSG00000134056:1(@)loc_5_40	7	0.9887	0.003	0.042	0.0417	0.0424	ENSG00000134056	5	0
ENSG00000155858:1(@)loc_5_91	63	0.3758	0.0198	0.0166	0.0145	0.0145	ENSG00000155858	5	0
ENSG00000164307:1(@)loc_5_55	6	0.4278	0.0002	0.0244	0.0241	0.0241	ENSG00000164307	5	0
ENSG00000112972:1(@)loc_5_27	26	0.986	0.0008	0.0806	0.0785	0.0834	ENSG00000112972	5	0
ENSG00000087116:1(@)loc_5_106	1	0.998	0.0	0.0913	0.0913	0.0913	ENSG00000087116	5	1
ENSG00000250240:1(@)loc_5_55	18	0.9907	0.0033	0.0302	0.0296	0.0323	ENSG00000250240	5	0
ENSG00000164404:1(@)loc_5_78	28	0.9892	0.0093	0.0335	0.0326	0.0348	ENSG00000164404	5	0
ENSG00000134057:1(@)loc_5_40	5	0.9931	0.0012	0.0199	0.0198	0.0249	ENSG00000134057	5	0
ENSG00000249167:1(@)loc_5_68	1	0.7704	0.0	0.0698	0.0698	0.0698	ENSG00000249167	5	0
ENSG00000247572:1(@)loc_5_46	44	0.8952	0.0051	0.048	0.0454	0.0549	ENSG00000247572	5	0
ENSG00000048140:1(@)loc_5_104	1	0.8605	0.0001	0.0309	0.0309	0.0309	ENSG00000048140	5	0
ENSG00000178913:2(@)loc_5_82	49	0.0788	0.1767	0.0448	0.0252	0.0252	ENSG00000178913	5	1
ENSG00000164466:1(@)loc_5_104	7	0.9998	0.0011	0.1145	0.1138	0.1138	ENSG00000164466	5	0
ENSG00000170469:3(@)loc_5_82	52	0.1726	0.3658	0.124	0.0655	0.0992	ENSG00000170469	5	0
ENSG00000164330:1(@)loc_5_92	7	0.9901	0.0016	0.0276	0.0275	0.0277	ENSG00000164330	5	0
ENSG00000164252:1(@)loc_5_43	57	0.9345	0.0144	0.0236	0.0223	0.0243	ENSG00000164252	5	1
ENSG00000123213:1(@)loc_5_39	1	0.9721	0.2151	0.9308	0.9302	0.9302	ENSG00000123213	5	1
ENSG00000185261:2(@)loc_5_54	128	0.7786	0.0127	0.0492	0.042	0.0491	ENSG00000185261	5	1
ENSG00000113209:1(@)loc_5_82	48	0.9897	0.0132	0.0296	0.0282	0.0296	ENSG00000113209	5	0
ENSG00000171421:1(@)loc_5_0	3	0.9992	0.0003	0.0115	0.0114	0.0116	ENSG00000171421	5	0
ENSG00000170091:1(@)loc_5_102	1	0.9983	0.0002	0.0407	0.0407	0.0407	ENSG00000170091	5	0
ENSG00000155846:1(@)loc_5_86	2	0.9937	0.0004	0.064	0.064	0.0684	ENSG00000155846	5	0
ENSG00000169777:2(@)loc_5_7	11	1.0	0.0012	0.009	0.0089	0.0089	ENSG00000169777	5	0
ENSG00000178187:1(@)loc_5_106	54	1.0	0.1403	0.2217	0.2105	0.2226	ENSG00000178187	5	0
ENSG00000250602:1(@)loc_5_75	6	0.9727	0.1704	0.7317	0.7276	0.728	ENSG00000250602	5	1
ENSG00000261934:1(@)loc_5_82	17	0.9992	0.8065	0.9353	0.9175	0.9448	ENSG00000261934	5	1
ENSG00000156463:1(@)loc_5_84	77	0.9858	0.0089	0.0389	0.036	0.04	ENSG00000156463	5	0
ENSG00000279370:1(@)loc_5_78	56	0.9065	0.0007	0.0407	0.0369	0.0637	ENSG00000279370	5	1
ENSG00000164904:2(@)loc_5_75	25	0.9955	0.0072	0.0342	0.0336	0.0336	ENSG00000164904	5	0
ENSG00000086189:1(@)loc_5_35	3	0.9977	0.0012	0.0329	0.0328	0.0386	ENSG00000086189	5	0
ENSG00000176018:1(@)loc_5_52	3	0.0095	0.0007	0.0004	0.0003	0.0003	ENSG00000176018	5	0
ENSG00000250329:1(@)loc_5_76	12	0.0099	0.0034	0.0006	0.0003	0.0003	ENSG00000250329	5	0
ENSG00000131504:1(@)loc_5_82	8	0.0648	0.0002	0.0054	0.0048	0.0048	ENSG00000131504	5	0
ENSG00000152684:1(@)loc_5_29	58	0.9957	0.0146	0.0212	0.0201	0.0208	ENSG00000152684	5	0
ENSG00000228672:1(@)loc_5_81	5	0.9983	0.9087	0.8316	0.7155	0.9912	ENSG00000228672	5	1
ENSG00000070808:1(@)loc_5_87	1	0.3822	0.0002	0.0589	0.0588	0.0588	ENSG00000070808	5	0
ENSG00000243304:1(@)loc_5_67	4	0.9861	0.0004	0.0501	0.0499	0.0543	ENSG00000243304	5	0
ENSG00000113194:1(@)loc_5_104	14	0.9955	0.0019	0.0108	0.0107	0.0113	ENSG00000113194	5	0
ENSG00000247679:2(@)loc_5_105	2	0.9993	0.0002	0.072	0.0719	0.0867	ENSG00000247679	5	0
ENSG00000176055:1(@)loc_5_52	56	0.7122	0.0129	0.0104	0.0097	0.0097	ENSG00000176055	5	0
ENSG00000170445:1(@)loc_5_81	3	0.9979	0.052	0.6084	0.6069	0.6342	ENSG00000170445	5	1
ENSG00000197822:1(@)loc_5_40	5	0.7807	0.0004	0.0464	0.0462	0.0499	ENSG00000197822	5	0
ENSG00000250337:1(@)loc_5_17	17	0.9888	0.0069	0.049	0.0483	0.0483	ENSG00000250337	5	0
ENSG00000204965:2(@)loc_5_81	7	0.9996	0.0029	0.2088	0.2073	0.2378	ENSG00000204965	5	0
ENSG00000251664:1(@)loc_5_82	6	0.9999	0.0065	0.1134	0.1129	0.1129	ENSG00000251664	5	0
ENSG00000272049:1(@)loc_5_6	1	0.999	0.0968	0.9291	0.9291	0.9291	ENSG00000272049	5	1
ENSG00000127184:1(@)loc_5_49	73	0.9882	0.0074	0.0787	0.0735	0.0767	ENSG00000127184	5	0
ENSG00000112852:1(@)loc_5_82	12	0.9818	0.0009	0.0472	0.0466	0.0469	ENSG00000112852	5	0
ENSG00000164185:3(@)loc_5_73	12	0.0028	0.0041	0.0006	0.0001	0.0001	ENSG00000164185	5	0
ENSG00000172058:1(@)loc_5_41	4	0.0552	0.0001	0.0042	0.0039	0.0039	ENSG00000172058	5	0
ENSG00000145569:2(@)loc_5_10	5	0.9991	0.0037	0.0676	0.0673	0.0714	ENSG00000145569	5	0
ENSG00000145604:1(@)loc_5_23	7	0.9999	0.0002	0.0811	0.0807	0.0811	ENSG00000145604	5	0
ENSG00000156475:1(@)loc_5_85	38	0.7539	0.0144	0.033	0.0314	0.0326	ENSG00000156475	5	0
ENSG00000251556:2(@)loc_5_84	20	0.9983	0.2362	0.6122	0.6016	0.6016	ENSG00000251556	5	1
ENSG00000168944:2(@)loc_5_73	3	0.9994	0.0007	0.0239	0.0238	0.0238	ENSG00000168944	5	0
ENSG00000253404:1(@)loc_5_81	86	0.9906	0.005	0.0552	0.0512	0.0512	ENSG00000253404	5	0
ENSG00000224993:1(@)loc_5_27	63	0.995	0.0149	0.0275	0.0261	0.0261	ENSG00000224993	5	0
ENSG00000244363:1(@)loc_5_44	5	0.9125	0.0028	0.0521	0.0519	0.0519	ENSG00000244363	5	0
ENSG00000175416:1(@)loc_5_104	2	0.9984	0.6976	0.9836	0.982	0.9862	ENSG00000175416	5	1
ENSG00000145723:1(@)loc_5_58	22	0.4128	0.0063	0.0055	0.0051	0.0067	ENSG00000145723	5	0
ENSG00000177932:1(@)loc_5_106	9	0.4189	0.0004	0.0212	0.0208	0.0212	ENSG00000177932	5	0
ENSG00000113302:2(@)loc_5_92	12	0.2399	0.2655	0.1164	0.0874	0.1763	ENSG00000113302	5	1
ENSG00000134352:1(@)loc_5_31	20	0.9985	0.0071	0.0369	0.0362	0.0371	ENSG00000134352	5	0
ENSG00000113593:2(@)loc_5_39	1	0.9988	0.0001	0.0872	0.0872	0.0872	ENSG00000113593	5	0
ENSG00000247796:1(@)loc_5_29	10	0.9936	0.0023	0.0204	0.0201	0.0239	ENSG00000247796	5	0
ENSG00000249797:1(@)loc_5_69	12	0.9165	0.0009	0.005	0.0049	0.005	ENSG00000249797	5	0
ENSG00000204969:1(@)loc_5_82	24	0.9845	0.0134	0.0541	0.0528	0.054	ENSG00000204969	5	0
ENSG00000164251:1(@)loc_5_43	55	0.5798	0.0133	0.0157	0.0143	0.016	ENSG00000164251	5	0
ENSG00000253910:1(@)loc_5_82	9	0.9986	0.1385	0.5928	0.5887	0.5887	ENSG00000253910	5	1
ENSG00000155850:1(@)loc_5_86	14	0.5816	0.0003	0.0418	0.0408	0.0415	ENSG00000155850	5	0
ENSG00000172262:1(@)loc_5_27	109	0.9889	0.0119	0.0093	0.0083	0.0095	ENSG00000172262	5	0
ENSG00000113161:1(@)loc_5_42	37	0.9991	0.0095	0.0291	0.028	0.0292	ENSG00000113161	5	0
ENSG00000027847:1(@)loc_5_105	2	0.9973	0.0007	0.0369	0.0369	0.0369	ENSG00000027847	5	0
ENSG00000248668:1(@)loc_5_26	42	0.8678	0.0111	0.0234	0.0223	0.0254	ENSG00000248668	5	0
ENSG00000050748:1(@)loc_5_107	5	0.9898	0.9176	0.9935	0.9844	0.9866	ENSG00000050748	5	1
ENSG00000151882:1(@)loc_5_27	5	0.5486	0.003	0.0344	0.0342	0.0342	ENSG00000151882	5	0
ENSG00000164402:1(@)loc_5_78	1	0.9996	0.0001	0.0711	0.0711	0.0711	ENSG00000164402	5	0
ENSG00000223361:1(@)loc_5_11	28	0.9989	0.0021	0.0517	0.0503	0.0525	ENSG00000223361	5	0
ENSG00000170234:1(@)loc_5_92	1	0.9819	0.0003	0.0959	0.0959	0.0959	ENSG00000170234	5	0
ENSG00000271828:2(@)loc_5_33	57	0.148	1.0	0.9999	0.0131	0.148	ENSG00000271828	5	0
ENSG00000230612:2(@)loc_5_78	109	0.9772	0.0258	0.0281	0.0254	0.028	ENSG00000230612	5	1
ENSG00000145495:1(@)loc_5_7	8	0.2422	0.0014	0.0183	0.0176	0.0192	ENSG00000145495	5	0
ENSG00000040275:1(@)loc_5_99	4	0.9918	0.0012	0.0315	0.0314	0.0319	ENSG00000040275	5	0
ENSG00000164241:1(@)loc_5_75	115	0.9624	0.2067	0.1933	0.1744	0.1787	ENSG00000164241	5	1
ENSG00000083720:1(@)loc_5_26	2	0.0089	0.0008	0.0003	0.0003	0.0003	ENSG00000083720	5	0
ENSG00000164180:1(@)loc_5_50	1	1.0	0.0066	0.3856	0.3856	0.3856	ENSG00000164180	5	0
ENSG00000129596:2(@)loc_5_67	53	0.4452	0.0162	0.0167	0.0148	0.0157	ENSG00000129596	5	0
ENSG00000074276:2(@)loc_5_104	3	0.9989	0.9986	0.9999	0.9962	0.9988	ENSG00000074276	5	1
ENSG00000158985:1(@)loc_5_78	13	0.9806	0.0007	0.0101	0.0099	0.0103	ENSG00000158985	5	0
ENSG00000171530:1(@)loc_5_44	1	0.9964	0.0004	0.0367	0.0367	0.0367	ENSG00000171530	5	0
ENSG00000279737:1(@)loc_5_22	2	0.9992	0.0008	0.0408	0.0407	0.0407	ENSG00000279737	5	1
ENSG00000113638:1(@)loc_5_25	29	0.9915	0.002	0.0486	0.0473	0.0473	ENSG00000113638	5	0
ENSG00000178722:1(@)loc_5_35	7	0.9942	0.0005	0.0385	0.0382	0.051	ENSG00000178722	5	0
ENSG00000260581:1(@)loc_5_87	35	0.9203	0.0093	0.0298	0.0287	0.0287	ENSG00000260581	5	0
ENSG00000113719:1(@)loc_5_102	16	0.9511	0.0042	0.0385	0.0381	0.0381	ENSG00000113719	5	0
ENSG00000123219:2(@)loc_5_38	2	0.0064	0.0004	0.0003	0.0003	0.0003	ENSG00000123219	5	0
ENSG00000269961:1(@)loc_5_39	24	0.9994	0.0058	0.0282	0.0276	0.0276	ENSG00000269961	5	0
ENSG00000113595:1(@)loc_5_38	10	0.9902	0.0024	0.0287	0.0284	0.0302	ENSG00000113595	5	0
ENSG00000134986:1(@)loc_5_64	3	0.9961	0.0008	0.0264	0.0264	0.0266	ENSG00000134986	5	0
ENSG00000215325:1(@)loc_5_84	68	0.9786	0.0191	0.034	0.032	0.0322	ENSG00000215325	5	0
ENSG00000145907:1(@)loc_5_87	182	0.842	0.0058	0.0761	0.0618	0.0773	ENSG00000145907	5	0
ENSG00000253141:1(@)loc_5_102	1	0.9999	0.0003	0.0301	0.0301	0.0301	ENSG00000253141	5	0
ENSG00000146063:1(@)loc_5_108	20	0.0892	0.0019	0.0087	0.0071	0.0071	ENSG00000146063	5	0
ENSG00000113578:2(@)loc_5_83	3	0.9828	0.0003	0.0089	0.0089	0.0089	ENSG00000113578	5	0
ENSG00000242198:1(@)loc_5_42	1	0.9981	0.0004	0.0492	0.0492	0.0492	ENSG00000242198	5	0
ENSG00000236714:1(@)loc_5_83	1	0.9997	0.0001	0.0656	0.0656	0.0656	ENSG00000236714	5	0
ENSG00000271874:2(@)loc_5_22	8	0.8466	0.0028	0.093	0.0922	0.096	ENSG00000271874	5	0
ENSG00000244245:2(@)loc_5_62	15	0.1166	0.007	0.009	0.008	0.008	ENSG00000244245	5	0
ENSG00000271207:1(@)loc_5_57	1	1.0	0.5042	0.9862	0.9862	0.9862	ENSG00000271207	5	1
ENSG00000082515:1(@)loc_5_89	3	0.3488	0.0014	0.0149	0.0148	0.0154	ENSG00000082515	5	0
ENSG00000037241:1(@)loc_5_102	2	0.9432	0.0002	0.1057	0.1056	0.1254	ENSG00000037241	5	0
ENSG00000091010:1(@)loc_5_84	2	0.0018	0.0011	0.0002	0.0001	0.0001	ENSG00000091010	5	0
ENSG00000273841:1(@)loc_5_40	14	0.9988	0.0045	0.0376	0.0371	0.0371	ENSG00000273841	5	0
ENSG00000197603:1(@)loc_5_23	10	0.9935	0.0011	0.0084	0.0083	0.0087	ENSG00000197603	5	0
ENSG00000248927:2(@)loc_5_73	98	0.1579	0.8338	0.3491	0.0463	0.1325	ENSG00000248927	5	0
ENSG00000131730:1(@)loc_5_46	8	0.997	0.0054	0.0508	0.0503	0.0592	ENSG00000131730	5	0
ENSG00000253520:2(@)loc_5_106	16	0.213	0.0041	0.005	0.0045	0.0059	ENSG00000253520	5	0
ENSG00000259663:1(@)loc_5_28	115	0.9981	0.6504	0.574	0.5148	0.5745	ENSG00000259663	5	1
ENSG00000081189:1(@)loc_5_50	20	0.9974	0.0048	0.017	0.0165	0.0252	ENSG00000081189	5	0
ENSG00000240184:1(@)loc_5_82	49	0.9828	0.0094	0.0176	0.0168	0.0177	ENSG00000240184	5	0
ENSG00000245812:2(@)loc_5_92	15	0.9944	0.0005	0.083	0.0821	0.0821	ENSG00000245812	5	0
ENSG00000039123:1(@)loc_5_30	58	0.9891	0.3838	0.4256	0.4009	0.4377	ENSG00000039123	5	1
ENSG00000113712:1(@)loc_5_86	12	0.9522	0.0035	0.0285	0.0282	0.0292	ENSG00000113712	5	0
ENSG00000243056:2(@)loc_5_81	18	0.953	0.0053	0.0303	0.0298	0.0307	ENSG00000243056	5	0
ENSG00000037474:1(@)loc_5_4	1	0.9803	0.0068	0.697	0.6969	0.6969	ENSG00000037474	5	1
ENSG00000188242:1(@)loc_5_0	92	0.9964	0.003	0.0024	0.0022	0.0024	ENSG00000188242	5	0
ENSG00000272123:1(@)loc_5_29	6	0.8584	0.0014	0.0208	0.0206	0.0223	ENSG00000272123	5	0
ENSG00000224032:1(@)loc_5_64	7	0.8324	0.0004	0.0314	0.0311	0.0388	ENSG00000224032	5	0
ENSG00000164406:2(@)loc_5_78	43	0.9999	0.016	0.045	0.0433	0.0433	ENSG00000164406	5	0
ENSG00000152503:1(@)loc_5_67	31	0.9972	0.0069	0.0232	0.0225	0.0231	ENSG00000152503	5	0
ENSG00000249295:2(@)loc_5_40	5	0.9989	0.0001	0.0008	0.0008	0.0008	ENSG00000249295	5	0
ENSG00000233937:1(@)loc_5_108	6	0.9949	0.0015	0.2344	0.2333	0.2336	ENSG00000233937	5	0
ENSG00000251141:1(@)loc_5_27	44	0.8002	0.011	0.0213	0.0202	0.0213	ENSG00000251141	5	0
ENSG00000118322:1(@)loc_5_93	31	0.9999	0.0061	0.1345	0.1302	0.146	ENSG00000118322	5	0
ENSG00000152380:1(@)loc_5_45	30	0.9652	0.0095	0.0369	0.0359	0.0359	ENSG00000152380	5	0
ENSG00000224431:1(@)loc_5_78	17	0.9933	0.0016	0.0639	0.063	0.063	ENSG00000224431	5	0
ENSG00000134061:1(@)loc_5_39	40	0.9886	0.0089	0.0174	0.0165	0.0239	ENSG00000134061	5	0
ENSG00000279204:2(@)loc_5_92	47	0.0732	0.0164	0.0047	0.003	0.003	ENSG00000279204	5	0
ENSG00000070193:1(@)loc_5_27	104	0.9539	0.0259	0.0274	0.0246	0.0285	ENSG00000070193	5	0
ENSG00000250101:1(@)loc_5_105	129	0.9961	0.0695	0.0621	0.0546	0.0654	ENSG00000250101	5	0
ENSG00000122203:1(@)loc_5_104	1	0.9986	0.0001	0.0818	0.0818	0.0818	ENSG00000122203	5	0
ENSG00000081791:1(@)loc_5_82	106	0.9881	0.5074	0.4771	0.4297	0.4826	ENSG00000081791	5	1
ENSG00000251513:1(@)loc_5_55	1	0.9901	0.0005	0.0443	0.0443	0.0443	ENSG00000251513	5	0
ENSG00000132846:1(@)loc_5_43	62	0.982	0.2265	0.613	0.5969	0.5969	ENSG00000132846	5	1
ENSG00000112936:1(@)loc_5_25	16	0.9964	0.0092	0.0255	0.025	0.0295	ENSG00000112936	5	0
ENSG00000164187:1(@)loc_5_23	9	0.9937	0.0029	0.0243	0.024	0.0306	ENSG00000164187	5	1
ENSG00000113273:1(@)loc_5_44	9	0.9926	0.0038	0.0428	0.0424	0.0442	ENSG00000113273	5	0
ENSG00000254122:1(@)loc_5_82	20	0.9924	0.0043	0.0225	0.0221	0.0221	ENSG00000254122	5	0
ENSG00000113648:1(@)loc_5_79	1	0.9912	0.0295	0.7134	0.7134	0.7134	ENSG00000113648	5	1
ENSG00000169271:1(@)loc_5_30	63	0.9987	0.033	0.0603	0.057	0.0577	ENSG00000169271	5	0
ENSG00000145934:1(@)loc_5_98	5	0.9995	0.0022	0.0951	0.0948	0.0948	ENSG00000145934	5	1
ENSG00000250159:1(@)loc_5_80	14	0.9931	0.0039	0.0312	0.0308	0.0312	ENSG00000250159	5	0
ENSG00000234511:2(@)loc_5_100	12	0.9998	0.0071	0.0577	0.0571	0.0571	ENSG00000234511	5	0
ENSG00000249249:2(@)loc_5_67	30	0.9812	0.0188	0.0552	0.0537	0.0537	ENSG00000249249	5	0
ENSG00000279232:1(@)loc_5_56	96	0.6542	0.0233	0.0188	0.0163	0.0182	ENSG00000279232	5	0
ENSG00000145911:2(@)loc_5_105	62	0.9979	0.018	0.0744	0.0715	0.0715	ENSG00000145911	5	0
ENSG00000214357:1(@)loc_5_102	15	0.9989	0.0064	0.0352	0.0346	0.0452	ENSG00000214357	5	0
ENSG00000251189:1(@)loc_5_24	10	0.9866	0.0025	0.0243	0.0241	0.0241	ENSG00000251189	5	0
ENSG00000113758:1(@)loc_5_105	3	0.9998	0.0014	0.1843	0.1839	0.2	ENSG00000113758	5	0
ENSG00000113369:1(@)loc_5_52	11	0.9814	0.0003	0.0291	0.0285	0.0539	ENSG00000113369	5	0
ENSG00000221990:1(@)loc_5_0	34	0.9823	0.0013	0.0027	0.0026	0.0028	ENSG00000221990	5	0
ENSG00000205302:1(@)loc_5_73	4	0.9942	0.0009	0.0836	0.0833	0.0833	ENSG00000205302	5	0
ENSG00000197479:1(@)loc_5_82	40	0.9975	0.0141	0.0384	0.0371	0.0371	ENSG00000197479	5	0
ENSG00000248794:1(@)loc_5_46	2	0.9926	0.0006	0.0309	0.0308	0.0309	ENSG00000248794	5	0
ENSG00000170271:1(@)loc_5_89	2	0.9999	0.0002	0.0486	0.0485	0.0486	ENSG00000170271	5	0
ENSG00000249669:1(@)loc_5_86	2	0.0076	0.0001	0.0007	0.0005	0.0006	ENSG00000249669	5	0
ENSG00000248968:1(@)loc_5_7	2	0.9998	0.0002	0.0455	0.0454	0.0455	ENSG00000248968	5	0
ENSG00000249655:1(@)loc_5_45	12	0.9872	0.0031	0.0261	0.0258	0.0258	ENSG00000249655	5	0
ENSG00000113318:1(@)loc_5_45	14	0.9899	0.0005	0.0712	0.0704	0.0704	ENSG00000113318	5	0
ENSG00000171992:1(@)loc_5_87	4	0.9975	0.0036	0.0894	0.0891	0.0891	ENSG00000171992	5	0
ENSG00000271815:1(@)loc_5_42	44	0.8076	0.012	0.0262	0.0248	0.0268	ENSG00000271815	5	0
ENSG00000248791:2(@)loc_5_10	23	0.9999	0.0103	0.0838	0.0821	0.0821	ENSG00000248791	5	0
ENSG00000177879:1(@)loc_5_67	24	0.9854	0.013	0.0585	0.0572	0.0572	ENSG00000177879	5	0
ENSG00000248469:1(@)loc_5_104	8	0.0165	0.0029	0.0031	0.0016	0.0027	ENSG00000248469	5	0
ENSG00000279375:1(@)loc_5_82	65	0.9991	0.2264	0.3795	0.3634	0.3634	ENSG00000279375	5	0
ENSG00000155324:1(@)loc_5_75	12	0.999	0.0033	0.0468	0.0464	0.0464	ENSG00000155324	5	0
ENSG00000170584:2(@)loc_5_95	109	0.1072	0.0355	0.0067	0.0033	0.0036	ENSG00000170584	5	0
ENSG00000255833:2(@)loc_5_79	1	0.0039	0.0003	0.0001	0.0001	0.0001	ENSG00000255833	5	0
ENSG00000245275:1(@)loc_5_89	7	0.9973	0.0018	0.0308	0.0307	0.0307	ENSG00000245275	5	0
ENSG00000177738:1(@)loc_5_27	10	0.9854	0.0002	0.0714	0.0707	0.0707	ENSG00000177738	5	0
ENSG00000158402:2(@)loc_5_81	10	0.9976	0.001	0.0236	0.0234	0.0234	ENSG00000158402	5	0
ENSG00000197208:1(@)loc_5_78	21	0.9926	0.01	0.0472	0.0462	0.0501	ENSG00000197208	5	0
ENSG00000112941:1(@)loc_5_4	2	0.8955	0.0005	0.0257	0.0256	0.0259	ENSG00000112941	5	0
ENSG00000180104:1(@)loc_5_0	1	0.9864	0.2811	0.9544	0.954	0.954	ENSG00000180104	5	1
ENSG00000164283:2(@)loc_5_30	8	0.9998	0.0024	0.0325	0.0323	0.0323	ENSG00000164283	5	1
ENSG00000152413:2(@)loc_5_45	10	0.9989	0.0095	0.0911	0.0903	0.0909	ENSG00000152413	5	0
ENSG00000198108:1(@)loc_5_77	13	0.9957	0.0035	0.027	0.0267	0.0269	ENSG00000198108	5	0
ENSG00000275765:1(@)loc_5_87	208	0.183	0.0167	0.021	0.01	0.0112	ENSG00000275765	5	0
ENSG00000275506:2(@)loc_5_81	13	0.9743	0.0039	0.0348	0.0343	0.0348	ENSG00000275506	5	0
ENSG00000086589:1(@)loc_5_87	2	0.9998	0.5082	0.9757	0.9747	0.9757	ENSG00000086589	5	1
ENSG00000168685:2(@)loc_5_22	54	0.286	0.0702	0.052	0.0433	0.0436	ENSG00000168685	5	0
ENSG00000145757:1(@)loc_5_55	3	0.9969	0.0026	0.1323	0.1322	0.1322	ENSG00000145757	5	1
ENSG00000152611:1(@)loc_5_22	22	0.0468	0.0123	0.0036	0.0023	0.0026	ENSG00000152611	5	0
ENSG00000155868:2(@)loc_5_92	48	0.1317	0.0021	0.0146	0.0106	0.0107	ENSG00000155868	5	0
ENSG00000177839:1(@)loc_5_82	30	0.9978	0.0014	0.0693	0.0673	0.0715	ENSG00000177839	5	0
ENSG00000250509:2(@)loc_5_107	3	0.0532	0.0028	0.0141	0.0131	0.0134	ENSG00000250509	5	1
ENSG00000113300:1(@)loc_5_107	25	0.9983	0.0083	0.1009	0.0986	0.0986	ENSG00000113300	5	0
ENSG00000066230:1(@)loc_5_0	23	0.9919	0.0103	0.0475	0.0465	0.0465	ENSG00000066230	5	0
ENSG00000214510:1(@)loc_5_85	29	0.9981	0.0007	0.0644	0.0626	0.0641	ENSG00000214510	5	0
ENSG00000081818:1(@)loc_5_82	10	0.9998	0.7769	0.9648	0.9573	0.9604	ENSG00000081818	5	1
ENSG00000150756:1(@)loc_5_7	29	0.9906	0.0009	0.0538	0.0524	0.0524	ENSG00000150756	5	0
ENSG00000113269:1(@)loc_5_107	24	0.9783	0.0118	0.0476	0.0465	0.0466	ENSG00000113269	5	0
ENSG00000276945:1(@)loc_5_35	5	0.9867	0.0011	0.0299	0.0298	0.0298	ENSG00000276945	5	0
ENSG00000164346:1(@)loc_5_42	10	0.9882	0.0021	0.0169	0.0168	0.0168	ENSG00000164346	5	0
ENSG00000253908:1(@)loc_5_107	1	0.9961	0.0001	0.1248	0.1248	0.1248	ENSG00000253908	5	0
ENSG00000082196:1(@)loc_5_21	2	0.9998	0.0003	0.0676	0.0675	0.0852	ENSG00000082196	5	0
ENSG00000228716:1(@)loc_5_45	1	0.9983	0.0001	0.0458	0.0458	0.0458	ENSG00000228716	5	1
ENSG00000276545:2(@)loc_5_82	6	0.9998	0.0046	0.0801	0.0797	0.0797	ENSG00000276545	5	0
ENSG00000251400:1(@)loc_5_43	4	0.8537	0.0009	0.0144	0.0143	0.0163	ENSG00000251400	5	1
ENSG00000230847:2(@)loc_5_41	10	0.8554	0.0239	0.0911	0.0892	0.1559	ENSG00000230847	5	0
ENSG00000253485:1(@)loc_5_82	1	0.9924	0.0012	0.096	0.096	0.096	ENSG00000253485	5	1
ENSG00000213949:1(@)loc_5_29	65	0.9342	0.0084	0.0253	0.0236	0.0254	ENSG00000213949	5	0
ENSG00000169862:1(@)loc_5_8	26	0.9726	0.0037	0.0105	0.0102	0.0103	ENSG00000169862	5	0
ENSG00000172568:1(@)loc_5_91	5	0.9947	0.0009	0.069	0.0688	0.0689	ENSG00000172568	5	0
ENSG00000279799:1(@)loc_5_79	1	0.9933	0.0005	0.0446	0.0446	0.0446	ENSG00000279799	5	0
ENSG00000248663:1(@)loc_5_69	2	0.9974	0.3776	0.9587	0.9579	0.9579	ENSG00000248663	5	1
ENSG00000120318:1(@)loc_5_82	4	0.974	0.0014	0.0393	0.0392	0.0392	ENSG00000120318	5	0
ENSG00000146066:1(@)loc_5_104	7	0.9667	0.001	0.0461	0.0458	0.0458	ENSG00000146066	5	0
ENSG00000198237:2(@)loc_5_41	40	1.0	0.0022	0.0402	0.0385	0.0446	ENSG00000198237	5	0
ENSG00000074317:3(@)loc_5_104	19	0.2356	0.0039	0.0159	0.0148	0.0148	ENSG00000074317	5	0
ENSG00000152700:2(@)loc_5_79	18	0.9964	0.0045	0.0257	0.0252	0.0257	ENSG00000152700	5	0
ENSG00000283559:1(@)loc_5_104	58	0.9969	0.005	0.0482	0.0456	0.0482	ENSG00000283559	5	0
ENSG00000164332:1(@)loc_5_92	8	0.9705	0.0029	0.0303	0.0301	0.0301	ENSG00000164332	5	0
ENSG00000272323:1(@)loc_5_22	2	0.9937	0.0	0.0352	0.0351	0.0384	ENSG00000272323	5	1
ENSG00000186493:1(@)loc_5_1	5	0.9945	0.0002	0.0737	0.0734	0.0741	ENSG00000186493	5	0
ENSG00000113555:1(@)loc_5_82	89	0.9998	0.6026	0.5535	0.5039	0.5782	ENSG00000113555	5	1
ENSG00000255883:1(@)loc_5_42	139	0.999	0.7123	0.7175	0.6143	0.7499	ENSG00000255883	5	1
ENSG00000155511:1(@)loc_5_88	12	0.9992	0.0038	0.0279	0.0276	0.0282	ENSG00000155511	5	0
ENSG00000164403:1(@)loc_5_78	7	0.0234	0.0002	0.0021	0.0016	0.0016	ENSG00000164403	5	0
ENSG00000112964:1(@)loc_5_26	19	0.9906	0.006	0.0378	0.0372	0.0372	ENSG00000112964	5	0
ENSG00000249476:1(@)loc_5_63	1	0.998	0.0003	0.0366	0.0366	0.0366	ENSG00000249476	5	0
ENSG00000113119:1(@)loc_5_81	1	0.9983	0.0001	0.1621	0.1621	0.1621	ENSG00000113119	5	0
ENSG00000249437:2(@)loc_5_42	2	0.0198	0.0006	0.0008	0.0007	0.0007	ENSG00000249437	5	0
ENSG00000113580:1(@)loc_5_83	1	0.9941	0.0001	0.0685	0.0685	0.0685	ENSG00000113580	5	0
ENSG00000272674:2(@)loc_5_82	6	0.0067	0.0012	0.0002	0.0001	0.0001	ENSG00000272674	5	0
ENSG00000243232:1(@)loc_5_82	13	0.9991	0.0042	0.035	0.0346	0.0349	ENSG00000243232	5	0
ENSG00000028310:1(@)loc_5_0	2	0.9489	0.0004	0.0864	0.0863	0.0863	ENSG00000028310	5	0
ENSG00000242419:1(@)loc_5_83	1	0.0276	0.0023	0.0183	0.0168	0.0168	ENSG00000242419	5	1
ENSG00000187372:1(@)loc_5_82	3	0.9998	0.0003	0.0448	0.0447	0.0448	ENSG00000187372	5	0
ENSG00000113073:1(@)loc_5_81	4	0.9962	0.0014	0.0316	0.0315	0.0322	ENSG00000113073	5	0
ENSG00000175426:1(@)loc_5_55	1	0.9936	0.0	0.0011	0.0011	0.0011	ENSG00000175426	5	0
ENSG00000249140:1(@)loc_5_106	14	0.9997	0.0024	0.1104	0.1087	0.1233	ENSG00000249140	5	0
ENSG00000175309:1(@)loc_5_105	4	0.9998	0.0011	0.0289	0.0288	0.0294	ENSG00000175309	5	0
ENSG00000254893:2(@)loc_5_43	6	0.9998	0.0032	0.1713	0.1699	0.2439	ENSG00000254893	5	0
ENSG00000151422:1(@)loc_5_62	17	1.0	0.9958	0.9978	0.9485	0.9992	ENSG00000151422	5	1
ENSG00000132840:1(@)loc_5_44	15	0.989	0.0052	0.0386	0.0381	0.0381	ENSG00000132840	5	0
ENSG00000152409:2(@)loc_5_45	15	0.9998	0.0276	0.1409	0.139	0.139	ENSG00000152409	5	0
ENSG00000135077:1(@)loc_5_91	31	0.9898	0.0067	0.0208	0.0202	0.0212	ENSG00000135077	5	0
ENSG00000177453:1(@)loc_5_27	43	0.9646	0.1353	0.3334	0.324	0.324	ENSG00000177453	5	0
ENSG00000229666:1(@)loc_5_39	3	0.994	0.0216	0.7506	0.7492	0.7492	ENSG00000229666	5	1
ENSG00000181104:1(@)loc_5_43	26	0.5631	0.0193	0.0562	0.0541	0.0541	ENSG00000181104	5	0
ENSG00000215630:1(@)loc_5_41	35	0.9984	0.0087	0.0286	0.0277	0.0284	ENSG00000215630	5	0
ENSG00000113282:2(@)loc_5_91	79	0.8842	0.0029	0.0711	0.0656	0.0664	ENSG00000113282	5	0
ENSG00000112996:1(@)loc_5_27	73	0.7102	0.1445	0.1165	0.1042	0.1212	ENSG00000112996	5	1
ENSG00000113328:1(@)loc_5_95	37	0.986	0.017	0.0532	0.0515	0.0515	ENSG00000113328	5	0
ENSG00000173926:1(@)loc_5_75	67	0.9614	0.0185	0.0291	0.0272	0.03	ENSG00000173926	5	0
ENSG00000249201:1(@)loc_5_0	10	0.3295	0.0002	0.0153	0.0147	0.0188	ENSG00000249201	5	0
ENSG00000145916:1(@)loc_5_105	85	0.503	0.0245	0.0176	0.0151	0.0161	ENSG00000145916	5	0
ENSG00000254226:2(@)loc_5_87	91	0.1882	0.0104	0.0246	0.0168	0.0168	ENSG00000254226	5	0
ENSG00000145700:2(@)loc_5_42	54	0.9953	0.1019	0.1176	0.1076	0.1821	ENSG00000145700	5	0
ENSG00000197375:1(@)loc_5_78	6	0.9999	0.0093	0.3426	0.3401	0.4167	ENSG00000197375	5	0
ENSG00000153015:1(@)loc_5_37	8	0.9919	0.6669	0.928	0.9183	0.9414	ENSG00000153015	5	1
ENSG00000249721:1(@)loc_5_40	1	0.9965	0.0001	0.0445	0.0445	0.0445	ENSG00000249721	5	0
ENSG00000113532:1(@)loc_5_58	19	0.8357	0.0018	0.0268	0.0262	0.0262	ENSG00000113532	5	0
ENSG00000113263:1(@)loc_5_91	7	0.9752	0.0052	0.0654	0.065	0.065	ENSG00000113263	5	0
ENSG00000112977:1(@)loc_5_8	7	0.0435	0.0003	0.0026	0.0021	0.0029	ENSG00000112977	5	0
ENSG00000145555:1(@)loc_5_11	4	0.9995	0.0004	0.0518	0.0517	0.0517	ENSG00000145555	5	0
ENSG00000039319:1(@)loc_5_45	1	0.9982	0.0005	0.0493	0.0493	0.0493	ENSG00000039319	5	0
ENSG00000247199:1(@)loc_5_85	1	0.0121	0.0002	0.0008	0.0008	0.0008	ENSG00000247199	5	0
ENSG00000182132:1(@)loc_5_100	3	0.9985	0.0008	0.0247	0.0246	0.0258	ENSG00000182132	5	0
ENSG00000165810:1(@)loc_5_108	1	0.9971	0.5897	0.9926	0.9922	0.9922	ENSG00000165810	5	1
ENSG00000152422:1(@)loc_5_47	38	0.9864	0.009	0.0237	0.0228	0.0236	ENSG00000152422	5	0
ENSG00000170606:3(@)loc_5_79	27	0.0545	1.0	0.9999	0.0126	0.0545	ENSG00000170606	5	0
ENSG00000281881:1(@)loc_5_83	18	0.9678	0.0002	0.062	0.061	0.061	ENSG00000281881	5	0
ENSG00000113303:1(@)loc_5_108	3	0.9864	0.0002	0.1221	0.1218	0.1222	ENSG00000113303	5	0
ENSG00000177556:2(@)loc_5_87	151	0.3812	0.0079	0.0362	0.0247	0.0317	ENSG00000177556	5	0
ENSG00000120137:2(@)loc_5_99	47	0.8668	0.001	0.0581	0.0552	0.0562	ENSG00000120137	5	0
ENSG00000211445:1(@)loc_5_87	6	0.9209	0.0011	0.0174	0.0173	0.0175	ENSG00000211445	5	0
ENSG00000164221:1(@)loc_5_67	4	0.9989	0.0009	0.0222	0.0221	0.0222	ENSG00000164221	5	0
ENSG00000145730:1(@)loc_5_58	53	0.4681	0.0145	0.0156	0.014	0.0146	ENSG00000145730	5	0
ENSG00000213328:1(@)loc_5_106	87	0.9966	0.0411	0.0558	0.0515	0.0552	ENSG00000213328	5	0
ENSG00000039139:1(@)loc_5_9	6	0.9807	0.0026	0.0497	0.0495	0.0495	ENSG00000039139	5	0
ENSG00000252464:2(@)loc_5_105	51	0.4903	0.0276	0.0284	0.0255	0.0285	ENSG00000252464	5	0
ENSG00000213830:1(@)loc_5_40	1	0.9997	0.0005	0.1908	0.1908	0.1908	ENSG00000213830	5	0
ENSG00000064692:1(@)loc_5_73	10	0.9833	0.001	0.0712	0.0705	0.0705	ENSG00000064692	5	0
ENSG00000254192:1(@)loc_5_99	20	0.9937	0.0047	0.0212	0.0208	0.0215	ENSG00000254192	5	0
ENSG00000244061:1(@)loc_5_41	72	0.9452	0.0487	0.2226	0.2083	0.2083	ENSG00000244061	5	1
ENSG00000250848:1(@)loc_5_0	104	0.998	0.0895	0.0816	0.074	0.082	ENSG00000250848	5	0
ENSG00000249109:1(@)loc_5_105	16	0.9937	0.9073	0.9656	0.9305	0.979	ENSG00000249109	5	1
ENSG00000271862:1(@)loc_5_47	19	0.9987	0.0016	0.0576	0.0566	0.0577	ENSG00000271862	5	0
ENSG00000176087:1(@)loc_5_81	7	0.9937	0.0012	0.2078	0.2066	0.2066	ENSG00000176087	5	1
ENSG00000248734:1(@)loc_5_55	10	0.9946	0.0698	0.3675	0.3644	0.3644	ENSG00000248734	5	1
ENSG00000120705:1(@)loc_5_81	6	1.0	0.0001	0.0013	0.0013	0.0013	ENSG00000120705	5	0
ENSG00000249593:1(@)loc_5_81	32	0.9896	0.0008	0.0644	0.0626	0.0626	ENSG00000249593	5	0
ENSG00000158987:1(@)loc_5_78	60	0.0618	0.0011	0.0077	0.0037	0.0041	ENSG00000158987	5	0
ENSG00000249352:2(@)loc_5_40	92	0.9999	0.027	0.0354	0.0325	0.0348	ENSG00000249352	5	0
ENSG00000113312:1(@)loc_5_92	3	0.9999	0.0008	0.0268	0.0268	0.0268	ENSG00000113312	5	0
ENSG00000250722:1(@)loc_5_27	55	0.8021	0.003	0.0911	0.0862	0.0862	ENSG00000250722	5	1
ENSG00000123643:1(@)loc_5_87	4	0.9947	0.0014	0.0314	0.0313	0.0352	ENSG00000123643	5	0
ENSG00000272417:1(@)loc_5_7	23	0.983	0.0857	0.3302	0.3259	0.3259	ENSG00000272417	5	1
ENSG00000253955:1(@)loc_5_102	26	0.9765	0.0009	0.0679	0.0663	0.0663	ENSG00000253955	5	0
ENSG00000169302:1(@)loc_5_85	16	0.9968	0.0083	0.6348	0.6294	0.6294	ENSG00000169302	5	1
ENSG00000170549:1(@)loc_5_2	27	0.9932	0.0065	0.0256	0.025	0.0258	ENSG00000170549	5	0
ENSG00000279923:1(@)loc_5_20	11	0.9175	0.0028	0.1419	0.1409	0.1409	ENSG00000279923	5	0
ENSG00000168916:1(@)loc_5_74	9	0.9768	0.0018	0.0166	0.0165	0.0175	ENSG00000168916	5	0
ENSG00000164334:1(@)loc_5_70	81	0.9517	0.0177	0.0204	0.0188	0.0209	ENSG00000164334	5	0
ENSG00000270225:1(@)loc_5_57	5	0.9886	0.0018	0.0432	0.0429	0.06	ENSG00000270225	5	0
ENSG00000146090:1(@)loc_5_107	26	0.9826	0.0038	0.0154	0.015	0.0156	ENSG00000146090	5	0
ENSG00000248222:1(@)loc_5_99	2	0.9983	0.9329	0.9981	0.9962	0.997	ENSG00000248222	5	1
ENSG00000151304:1(@)loc_5_72	21	0.0372	0.0056	0.0013	0.0008	0.0009	ENSG00000151304	5	0
ENSG00000164587:1(@)loc_5_87	6	0.9985	0.0015	0.0237	0.0236	0.0238	ENSG00000164587	5	0
ENSG00000198780:1(@)loc_5_42	5	0.5336	0.001	0.0318	0.0315	0.0315	ENSG00000198780	5	0
ENSG00000277039:1(@)loc_5_90	3	0.0119	0.0002	0.0008	0.0006	0.0007	ENSG00000277039	5	0
ENSG00000272416:1(@)loc_5_30	1	0.9961	0.0002	0.0664	0.0664	0.0664	ENSG00000272416	5	0
ENSG00000113763:1(@)loc_5_104	2	0.9854	0.0005	0.0301	0.0301	0.0301	ENSG00000113763	5	0
ENSG00000248489:2(@)loc_5_56	13	0.9991	0.029	0.1097	0.1066	0.218	ENSG00000248489	5	0
ENSG00000202533:1(@)loc_5_78	1	0.9958	0.0009	0.0936	0.0936	0.0936	ENSG00000202533	5	1
ENSG00000053108:1(@)loc_5_78	1	0.9867	0.0003	0.0315	0.0315	0.0315	ENSG00000053108	5	0
ENSG00000055163:1(@)loc_5_91	4	0.9984	0.0009	0.0128	0.0127	0.0253	ENSG00000055163	5	0
ENSG00000274525:2(@)loc_5_108	1	0.9982	0.0001	0.2146	0.2146	0.2146	ENSG00000274525	5	0
ENSG00000129595:1(@)loc_5_65	1	0.005	0.1891	0.0227	0.0048	0.0048	ENSG00000129595	5	1
ENSG00000256235:1(@)loc_5_87	1	0.9996	0.0002	0.0561	0.0561	0.0561	ENSG00000256235	5	0
ENSG00000271980:1(@)loc_5_7	86	0.4185	0.0131	0.0399	0.0331	0.0344	ENSG00000271980	5	0
ENSG00000215156:1(@)loc_5_21	1	0.9931	0.0016	0.1277	0.1277	0.1277	ENSG00000215156	5	0
ENSG00000145725:1(@)loc_5_58	8	0.9916	0.0004	0.0771	0.0766	0.077	ENSG00000145725	5	0
ENSG00000072364:1(@)loc_5_78	10	0.9984	0.0002	0.0514	0.0509	0.0527	ENSG00000072364	5	0
ENSG00000169045:1(@)loc_5_106	7	0.9979	0.0019	0.0289	0.0287	0.0288	ENSG00000169045	5	0
ENSG00000250802:1(@)loc_5_43	1	0.9972	0.0284	0.8999	0.8999	0.8999	ENSG00000250802	5	1
ENSG00000245060:1(@)loc_5_107	7	0.9409	0.0015	0.1376	0.1368	0.1368	ENSG00000245060	5	0
ENSG00000145780:1(@)loc_5_67	29	0.998	0.0033	0.0457	0.0445	0.0448	ENSG00000145780	5	0
ENSG00000204962:1(@)loc_5_82	62	0.9879	0.06	0.2251	0.2162	0.2162	ENSG00000204962	5	0
ENSG00000197083:2(@)loc_5_87	28	0.9959	0.0082	0.142	0.1373	0.1698	ENSG00000197083	5	0
ENSG00000164463:3(@)loc_5_102	16	0.8286	0.0062	0.032	0.0314	0.0346	ENSG00000164463	5	0
ENSG00000113384:1(@)loc_5_20	4	0.9949	0.0017	0.0438	0.0437	0.0448	ENSG00000113384	5	0
ENSG00000152942:1(@)loc_5_40	30	0.9944	0.0048	0.0319	0.031	0.032	ENSG00000152942	5	0
ENSG00000204963:1(@)loc_5_82	26	0.4276	0.0074	0.0126	0.0118	0.0127	ENSG00000204963	5	0
ENSG00000113048:1(@)loc_5_41	1	0.9959	0.9547	0.9977	0.9952	0.9952	ENSG00000113048	5	1
ENSG00000165671:1(@)loc_5_105	44	0.9885	0.0136	0.0394	0.0382	0.0382	ENSG00000165671	5	0
ENSG00000168246:1(@)loc_5_101	4	0.027	0.0008	0.0008	0.0007	0.0007	ENSG00000168246	5	1
ENSG00000228212:1(@)loc_5_23	14	0.9882	0.0004	0.0872	0.0862	0.0862	ENSG00000228212	5	0
ENSG00000248483:1(@)loc_5_54	2	0.9895	0.0009	0.0448	0.0448	0.0448	ENSG00000248483	5	0
ENSG00000113141:2(@)loc_5_81	6	0.0139	0.0035	0.0014	0.001	0.001	ENSG00000113141	5	0
ENSG00000170214:1(@)loc_5_92	2	0.9984	0.0005	0.0252	0.0251	0.0252	ENSG00000170214	5	0
ENSG00000271797:1(@)loc_5_67	18	0.8558	0.0049	0.0283	0.0277	0.0278	ENSG00000271797	5	1
ENSG00000072786:1(@)loc_5_101	25	0.947	0.0064	0.0272	0.0266	0.0266	ENSG00000072786	5	0
ENSG00000169228:1(@)loc_5_106	6	0.015	0.0002	0.0013	0.0009	0.0009	ENSG00000169228	5	0
ENSG00000196923:1(@)loc_5_105	1	0.9923	0.0003	0.0273	0.0273	0.0273	ENSG00000196923	5	0
ENSG00000113140:1(@)loc_5_87	89	0.9912	0.0245	0.0323	0.0297	0.0326	ENSG00000113140	5	0
ENSG00000250182:1(@)loc_5_10	1	0.9966	0.0001	0.0459	0.0459	0.0459	ENSG00000250182	5	0
ENSG00000249014:1(@)loc_5_43	22	0.9987	0.0116	0.0706	0.0692	0.0709	ENSG00000249014	5	0
ENSG00000255622:1(@)loc_5_82	67	0.9989	0.0052	0.0473	0.0445	0.0461	ENSG00000255622	5	0
ENSG00000118985:1(@)loc_5_55	22	0.1151	0.0022	0.0069	0.0056	0.0066	ENSG00000118985	5	0
ENSG00000249751:1(@)loc_5_81	1	0.9905	0.0003	0.0262	0.0262	0.0262	ENSG00000249751	5	0
ENSG00000181904:1(@)loc_5_79	18	0.9988	0.9334	0.9341	0.8675	0.9818	ENSG00000181904	5	1
ENSG00000164296:1(@)loc_5_86	44	0.2425	0.0032	0.0016	0.0014	0.0014	ENSG00000164296	5	0
ENSG00000255647:1(@)loc_5_51	10	0.9971	0.0013	0.0858	0.0852	0.0852	ENSG00000255647	5	0
ENSG00000164611:1(@)loc_5_93	5	0.9856	0.0015	0.0313	0.0312	0.0314	ENSG00000164611	5	0
ENSG00000188573:2(@)loc_5_99	28	0.6733	0.0163	0.032	0.0305	0.0377	ENSG00000188573	5	0
ENSG00000113441:2(@)loc_5_55	1	0.9998	0.0003	0.0286	0.0286	0.0286	ENSG00000113441	5	0
ENSG00000154153:1(@)loc_5_11	9	0.9641	0.0025	0.034	0.0336	0.0383	ENSG00000154153	5	0
ENSG00000226432:1(@)loc_5_15	85	0.9998	0.0843	0.0827	0.0751	0.0964	ENSG00000226432	5	0
ENSG00000158458:1(@)loc_5_81	17	0.9937	0.0044	0.0491	0.0483	0.0487	ENSG00000158458	5	0
ENSG00000198939:1(@)loc_5_106	2	0.997	0.0003	0.0084	0.0084	0.0099	ENSG00000198939	5	0
ENSG00000276547:1(@)loc_5_82	15	0.9964	0.0013	0.103	0.1012	0.1264	ENSG00000276547	5	0
ENSG00000112902:2(@)loc_5_7	31	0.9998	0.0161	0.0766	0.0746	0.0746	ENSG00000112902	5	0
ENSG00000248445:1(@)loc_5_68	4	0.982	0.0001	0.0628	0.0626	0.0634	ENSG00000248445	5	0
ENSG00000120729:2(@)loc_5_80	28	0.9982	0.0182	0.059	0.0572	0.0665	ENSG00000120729	5	0
ENSG00000178338:1(@)loc_5_106	84	0.9879	0.0479	0.0555	0.0508	0.0597	ENSG00000178338	5	0
ENSG00000247516:1(@)loc_5_6	25	0.9963	0.007	0.0291	0.0284	0.029	ENSG00000247516	5	0
ENSG00000249363:1(@)loc_5_84	25	0.9795	0.0062	0.02	0.0194	0.0234	ENSG00000249363	5	0
ENSG00000164347:1(@)loc_5_42	3	0.9832	0.0001	0.0682	0.068	0.068	ENSG00000164347	5	0
ENSG00000170231:1(@)loc_5_92	20	0.9718	0.0025	0.0681	0.0666	0.074	ENSG00000170231	5	0
ENSG00000224186:1(@)loc_5_79	1	0.999	0.0005	0.0491	0.0491	0.0491	ENSG00000224186	5	0
ENSG00000176788:2(@)loc_5_12	2	0.0093	0.0275	0.0151	0.0073	0.0074	ENSG00000176788	5	1
ENSG00000131187:1(@)loc_5_105	19	0.998	0.0005	0.0723	0.0709	0.0778	ENSG00000131187	5	0
ENSG00000250629:1(@)loc_5_24	1	0.9902	0.0004	0.0413	0.0413	0.0413	ENSG00000250629	5	0
ENSG00000250069:1(@)loc_5_81	2	0.0119	0.0002	0.0008	0.0007	0.0007	ENSG00000250069	5	0
ENSG00000235558:1(@)loc_5_41	3	0.998	0.5493	0.9616	0.9592	0.9642	ENSG00000235558	5	1
ENSG00000281398:1(@)loc_5_81	44	0.0451	0.0263	0.0047	0.0021	0.0027	ENSG00000281398	5	0
ENSG00000080709:1(@)loc_5_66	13	0.9997	0.0007	0.1167	0.1154	0.1154	ENSG00000080709	5	0
ENSG00000113739:1(@)loc_5_103	6	0.0271	0.0023	0.0063	0.0052	0.0052	ENSG00000113739	5	0
ENSG00000145860:1(@)loc_5_92	13	0.9832	0.0325	0.4404	0.4334	0.4994	ENSG00000145860	5	1
ENSG00000164151:2(@)loc_5_3	28	0.9866	0.0011	0.1169	0.1142	0.1142	ENSG00000164151	5	0
ENSG00000235172:2(@)loc_5_100	5	0.0135	0.0008	0.0002	0.0001	0.0002	ENSG00000235172	5	0
ENSG00000215196:2(@)loc_5_11	38	0.9905	0.0218	0.0828	0.0808	0.0808	ENSG00000215196	5	0
ENSG00000248275:1(@)loc_5_108	2	0.9955	0.0031	0.5512	0.551	0.551	ENSG00000248275	5	1
ENSG00000131435:1(@)loc_5_78	125	0.9967	0.0056	0.1091	0.0974	0.1057	ENSG00000131435	5	0
ENSG00000242110:1(@)loc_5_21	9	0.9975	0.0021	0.0317	0.0315	0.0315	ENSG00000242110	5	0
ENSG00000214944:1(@)loc_5_42	2	0.0167	0.0005	0.0005	0.0004	0.0004	ENSG00000214944	5	0
ENSG00000164219:1(@)loc_5_67	1	0.9704	0.0003	0.0579	0.0579	0.0579	ENSG00000164219	5	0
ENSG00000182578:1(@)loc_5_86	3	0.4468	0.0011	0.0147	0.0146	0.0175	ENSG00000182578	5	0
ENSG00000204970:1(@)loc_5_82	44	0.9942	0.029	0.1643	0.1569	0.176	ENSG00000204970	5	0
ENSG00000152495:1(@)loc_5_64	27	0.9944	0.0198	0.2775	0.2706	0.271	ENSG00000152495	5	1
ENSG00000280338:1(@)loc_5_6	2	0.9962	0.0006	0.0292	0.0291	0.0294	ENSG00000280338	5	0
ENSG00000081853:1(@)loc_5_82	21	0.9519	0.0218	0.066	0.064	0.0915	ENSG00000081853	5	0
ENSG00000135074:1(@)loc_5_91	20	0.9622	0.0083	0.0421	0.0413	0.0414	ENSG00000135074	5	0
ENSG00000261604:1(@)loc_5_27	15	0.9999	0.0046	0.0334	0.0329	0.0329	ENSG00000261604	5	0
ENSG00000248240:3(@)loc_5_28	24	0.2385	0.9185	0.6013	0.1204	0.2339	ENSG00000248240	5	0
ENSG00000253251:1(@)loc_5_38	10	0.0126	0.007	0.0017	0.0009	0.001	ENSG00000253251	5	0
ENSG00000272040:1(@)loc_5_43	1	0.9966	0.0003	0.0298	0.0298	0.0298	ENSG00000272040	5	0
ENSG00000183072:1(@)loc_5_102	23	0.514	0.008	0.0106	0.0099	0.0159	ENSG00000183072	5	0
ENSG00000049883:1(@)loc_5_41	7	0.9977	0.0233	0.1869	0.1858	0.193	ENSG00000049883	5	1
ENSG00000246763:1(@)loc_5_56	4	0.9987	0.0008	0.0548	0.0546	0.0546	ENSG00000246763	5	0
ENSG00000226306:2(@)loc_5_80	17	0.9895	0.0082	0.074	0.0728	0.0728	ENSG00000226306	5	0
ENSG00000215158:1(@)loc_5_21	25	0.998	0.0059	0.0746	0.0729	0.0744	ENSG00000215158	5	1
ENSG00000164211:1(@)loc_5_64	32	0.9301	0.1476	0.4755	0.4559	0.5136	ENSG00000164211	5	0
ENSG00000170089:1(@)loc_5_106	2	0.0059	0.0001	0.0005	0.0004	0.0004	ENSG00000170089	5	0
ENSG00000161011:1(@)loc_5_106	87	0.9807	0.0142	0.0165	0.0153	0.0153	ENSG00000161011	5	0
ENSG00000270133:1(@)loc_5_54	153	0.3977	0.0539	0.017	0.0115	0.0161	ENSG00000270133	5	0
ENSG00000112851:1(@)loc_5_39	6	0.9951	0.0011	0.0289	0.0288	0.0289	ENSG00000112851	5	0
ENSG00000215068:1(@)loc_5_27	77	0.9732	0.0016	0.0876	0.0816	0.0831	ENSG00000215068	5	0
ENSG00000272234:1(@)loc_5_26	3	0.9929	0.0009	0.0365	0.0365	0.0365	ENSG00000272234	5	0
ENSG00000244945:1(@)loc_5_106	35	0.4696	0.0018	0.059	0.0537	0.0673	ENSG00000244945	5	0
ENSG00000206077:1(@)loc_5_0	1	0.0252	0.0	0.0015	0.0015	0.0015	ENSG00000206077	5	0
ENSG00000204767:2(@)loc_5_101	268	0.4249	0.7708	0.4048	0.1866	0.2695	ENSG00000204767	5	0
ENSG00000155545:1(@)loc_5_31	6	0.9949	0.5765	0.9315	0.9264	0.9313	ENSG00000155545	5	1
ENSG00000164331:2(@)loc_5_42	119	0.9981	0.0479	0.0481	0.043	0.0476	ENSG00000164331	5	0
ENSG00000131711:1(@)loc_5_41	129	0.9964	0.0428	0.0409	0.0362	0.041	ENSG00000131711	5	0
ENSG00000164181:2(@)loc_5_35	35	0.1985	0.0774	0.0273	0.0206	0.0339	ENSG00000164181	5	0
ENSG00000197043:1(@)loc_5_87	17	0.9961	0.0019	0.0475	0.0467	0.0483	ENSG00000197043	5	0
ENSG00000153395:2(@)loc_5_0	1	0.0165	0.0003	0.0004	0.0004	0.0004	ENSG00000153395	5	0
ENSG00000157107:2(@)loc_5_42	43	0.0368	0.0006	0.0065	0.0029	0.003	ENSG00000157107	5	0
ENSG00000238035:1(@)loc_5_108	5	0.9208	0.0877	0.8447	0.8413	0.8413	ENSG00000238035	5	1
ENSG00000181163:1(@)loc_5_101	6	0.1389	0.0006	0.0058	0.0056	0.0056	ENSG00000181163	5	0
ENSG00000254298:2(@)loc_5_87	20	0.0169	0.0118	0.0022	0.001	0.001	ENSG00000254298	5	0
ENSG00000082516:2(@)loc_5_89	1	0.9997	0.0006	0.0529	0.0529	0.0529	ENSG00000082516	5	0
ENSG00000253439:1(@)loc_5_102	23	0.9965	0.0064	0.0278	0.0271	0.03	ENSG00000253439	5	0
ENSG00000047188:2(@)loc_5_65	10	1.0	0.0027	0.068	0.0673	0.0797	ENSG00000047188	5	0
ENSG00000183111:1(@)loc_5_86	14	0.4523	0.0126	0.2181	0.2121	0.2121	ENSG00000183111	5	1
ENSG00000146005:1(@)loc_5_81	210	0.9854	0.0046	0.0793	0.0653	0.0795	ENSG00000146005	5	0
ENSG00000145494:1(@)loc_5_0	1	0.9967	0.0003	0.0313	0.0313	0.0313	ENSG00000145494	5	0
ENSG00000051596:1(@)loc_5_104	14	0.5872	0.0036	0.0163	0.0159	0.016	ENSG00000051596	5	0
ENSG00000094755:1(@)loc_5_100	10	0.5455	0.0037	0.0168	0.0165	0.0173	ENSG00000094755	5	0
ENSG00000091009:1(@)loc_5_84	19	0.9994	0.005	0.0281	0.0276	0.0276	ENSG00000091009	5	0
ENSG00000245937:1(@)loc_5_76	138	0.999	0.0425	0.0392	0.0344	0.04	ENSG00000245937	5	0
ENSG00000178996:1(@)loc_5_30	30	0.9984	0.062	0.2984	0.2904	0.2904	ENSG00000178996	5	1
ENSG00000248677:1(@)loc_5_4	102	0.9949	0.0023	0.0703	0.0639	0.0695	ENSG00000248677	5	0
ENSG00000183323:1(@)loc_5_40	10	0.9951	0.0009	0.0324	0.0321	0.0321	ENSG00000183323	5	0
ENSG00000272103:1(@)loc_5_23	27	0.124	0.0102	0.0057	0.0046	0.0049	ENSG00000272103	5	1
ENSG00000164326:1(@)loc_5_41	1	0.6686	0.0003	0.0151	0.0151	0.0151	ENSG00000164326	5	1
ENSG00000066583:1(@)loc_5_77	29	0.9881	0.0015	0.0922	0.0898	0.0898	ENSG00000066583	5	0
ENSG00000253921:1(@)loc_5_87	141	0.8076	0.2353	0.1612	0.1402	0.1402	ENSG00000253921	5	0
ENSG00000270067:1(@)loc_5_65	6	0.9911	0.0013	0.0207	0.0206	0.0207	ENSG00000270067	5	0
ENSG00000249353:1(@)loc_5_54	4	0.9998	0.001	0.0503	0.0502	0.0502	ENSG00000249353	5	0
ENSG00000124279:1(@)loc_5_5	13	0.9967	0.0008	0.0518	0.0512	0.0512	ENSG00000124279	5	0
ENSG00000239642:1(@)loc_5_78	69	0.5536	0.6904	0.4479	0.3554	0.4	ENSG00000239642	5	1
ENSG00000212643:1(@)loc_5_65	28	0.9928	0.0054	0.0693	0.0675	0.0675	ENSG00000212643	5	0
ENSG00000250579:1(@)loc_5_3	85	0.534	0.0104	0.0259	0.0223	0.0244	ENSG00000250579	5	0
ENSG00000134970:1(@)loc_5_67	1	0.9911	0.0001	0.0744	0.0744	0.0744	ENSG00000134970	5	0
ENSG00000113494:2(@)loc_5_22	19	0.9992	0.0052	0.0278	0.0273	0.0283	ENSG00000113494	5	0
ENSG00000253953:1(@)loc_5_82	9	0.9364	0.0041	0.0522	0.0518	0.0518	ENSG00000253953	5	1
ENSG00000160867:1(@)loc_5_105	48	0.9809	0.0198	0.0423	0.0403	0.0426	ENSG00000160867	5	1
ENSG00000230561:1(@)loc_5_76	35	0.9368	0.0026	0.042	0.0406	0.0422	ENSG00000230561	5	0
ENSG00000185129:1(@)loc_5_81	25	0.4018	0.0009	0.0288	0.0271	0.0276	ENSG00000185129	5	0
ENSG00000013561:1(@)loc_5_82	108	0.9905	0.0296	0.031	0.0278	0.0326	ENSG00000013561	5	0
ENSG00000204677:1(@)loc_5_105	3	0.9999	0.0016	0.0424	0.0423	0.0423	ENSG00000204677	5	1
ENSG00000112877:1(@)loc_5_0	1	0.9929	0.0004	0.0383	0.0383	0.0383	ENSG00000112877	5	0
ENSG00000133401:1(@)loc_5_20	19	0.325	0.0017	0.0264	0.0249	0.0251	ENSG00000133401	5	0
ENSG00000250539:1(@)loc_5_73	2	0.9998	0.0006	0.031	0.031	0.031	ENSG00000250539	5	0
ENSG00000092421:2(@)loc_5_68	33	0.9995	0.0013	0.1046	0.1013	0.1055	ENSG00000092421	5	0
ENSG00000248923:1(@)loc_5_79	26	0.992	0.0202	0.0775	0.0755	0.0803	ENSG00000248923	5	1
ENSG00000232517:2(@)loc_5_30	10	0.9533	0.0029	0.0212	0.0209	0.0287	ENSG00000232517	5	0
ENSG00000120327:2(@)loc_5_82	10	0.9939	0.0028	0.0304	0.0301	0.0315	ENSG00000120327	5	0
ENSG00000262096:1(@)loc_5_82	32	0.9986	0.0091	0.0323	0.0314	0.0314	ENSG00000262096	5	0
ENSG00000247049:2(@)loc_5_108	18	0.0281	0.0067	0.0128	0.0059	0.0079	ENSG00000247049	5	1
ENSG00000250048:1(@)loc_5_25	34	0.3555	0.0087	0.0104	0.0095	0.0098	ENSG00000250048	5	0
ENSG00000170571:1(@)loc_5_28	9	0.9416	0.0031	0.0975	0.0973	0.0973	ENSG00000170571	5	0
ENSG00000131446:1(@)loc_5_107	10	0.7249	0.0018	0.1642	0.162	0.162	ENSG00000131446	5	0
ENSG00000251257:1(@)loc_5_24	40	0.984	0.0114	0.0306	0.0294	0.0305	ENSG00000251257	5	0
ENSG00000271714:1(@)loc_5_42	1	0.9828	0.0003	0.0256	0.0256	0.0256	ENSG00000271714	5	0
ENSG00000213585:1(@)loc_5_79	14	0.9806	0.0	0.0005	0.0005	0.0005	ENSG00000213585	5	1
ENSG00000271824:1(@)loc_5_79	15	0.9972	0.8649	0.9792	0.9656	0.9765	ENSG00000271824	5	1
ENSG00000197948:2(@)loc_5_82	3	0.9985	0.0007	0.0311	0.031	0.031	ENSG00000197948	5	0
ENSG00000237693:1(@)loc_5_87	4	0.9999	0.0011	0.0287	0.0286	0.0286	ENSG00000237693	5	0
ENSG00000170624:1(@)loc_5_90	39	0.9921	0.0082	0.1096	0.105	0.1222	ENSG00000170624	5	1
ENSG00000133710:1(@)loc_5_85	19	0.8786	0.0068	0.0399	0.039	0.0425	ENSG00000133710	5	0
ENSG00000173930:1(@)loc_5_58	32	0.9869	0.0045	0.0329	0.0318	0.0351	ENSG00000173930	5	0
ENSG00000164237:2(@)loc_5_7	29	0.8674	0.0163	0.1816	0.1757	0.1805	ENSG00000164237	5	0
ENSG00000272265:2(@)loc_5_67	49	0.8078	0.0124	0.0229	0.0217	0.0217	ENSG00000272265	5	0
ENSG00000113597:1(@)loc_5_38	11	0.0527	0.0009	0.0045	0.0037	0.0039	ENSG00000113597	5	0
ENSG00000239528:1(@)loc_5_68	51	0.9916	0.0149	0.0241	0.0228	0.0264	ENSG00000239528	5	0
ENSG00000248569:2(@)loc_5_47	77	0.2706	0.9539	0.6754	0.0858	0.2603	ENSG00000248569	5	0
ENSG00000145506:2(@)loc_5_0	26	0.8162	0.0087	0.0317	0.0308	0.0308	ENSG00000145506	5	0
ENSG00000131508:1(@)loc_5_81	9	0.8983	0.0023	0.0222	0.022	0.0222	ENSG00000131508	5	0
ENSG00000237190:2(@)loc_5_79	6	0.9968	0.0003	0.0539	0.0536	0.0597	ENSG00000237190	5	0
ENSG00000131844:1(@)loc_5_41	121	0.998	0.0312	0.0308	0.0276	0.0305	ENSG00000131844	5	0
ENSG00000248610:1(@)loc_5_77	5	0.9799	0.0011	0.0197	0.0197	0.0197	ENSG00000248610	5	0
ENSG00000253785:1(@)loc_5_102	34	0.8742	0.0011	0.0477	0.0458	0.0524	ENSG00000253785	5	0
ENSG00000175857:1(@)loc_5_35	1	0.0685	0.0001	0.0007	0.0007	0.0007	ENSG00000175857	5	0
ENSG00000271334:1(@)loc_5_24	9	0.9975	0.003	0.036	0.0358	0.0358	ENSG00000271334	5	0
ENSG00000280187:1(@)loc_5_40	9	0.2088	0.0004	0.0208	0.02	0.02	ENSG00000280187	5	0
ENSG00000283235:1(@)loc_5_104	83	0.8267	0.0105	0.034	0.0299	0.0434	ENSG00000283235	5	0
ENSG00000253522:2(@)loc_5_93	24	0.9984	0.0069	0.0349	0.0342	0.0342	ENSG00000253522	5	0
ENSG00000250678:1(@)loc_5_71	6	0.0064	0.0007	0.0003	0.0002	0.0002	ENSG00000250678	5	0
ENSG00000248596:1(@)loc_5_104	16	0.9921	0.0044	0.03	0.0296	0.0296	ENSG00000248596	5	0
ENSG00000153044:2(@)loc_5_40	17	0.9977	0.0043	0.0272	0.0267	0.0312	ENSG00000153044	5	0
ENSG00000247828:1(@)loc_5_50	5	0.9497	0.0008	0.022	0.0219	0.0221	ENSG00000247828	5	0
ENSG00000185986:1(@)loc_5_2	55	0.1067	0.0126	0.0191	0.0124	0.0124	ENSG00000185986	5	0
ENSG00000248449:1(@)loc_5_82	85	0.494	0.0039	0.0437	0.0375	0.0378	ENSG00000248449	5	0
ENSG00000070614:1(@)loc_5_87	54	0.9985	0.0174	0.0336	0.0319	0.0327	ENSG00000070614	5	0
ENSG00000120727:1(@)loc_5_82	6	0.0404	0.0004	0.0023	0.0021	0.0021	ENSG00000120727	5	0
ENSG00000178776:1(@)loc_5_85	47	0.3039	0.0018	0.019	0.0162	0.0182	ENSG00000178776	5	0
ENSG00000155508:2(@)loc_5_89	32	0.9953	0.0008	0.1015	0.0987	0.0987	ENSG00000155508	5	0
ENSG00000049192:1(@)loc_5_38	16	0.9976	0.0055	0.0387	0.0382	0.039	ENSG00000049192	5	0
ENSG00000186687:1(@)loc_5_78	1	0.9994	0.0	0.1772	0.1772	0.1772	ENSG00000186687	5	1
ENSG00000270307:1(@)loc_5_57	4	0.9853	0.0012	0.0304	0.0303	0.0303	ENSG00000270307	5	1
ENSG00000223652:1(@)loc_5_73	74	0.9696	0.0113	0.0131	0.0122	0.0126	ENSG00000223652	5	0
ENSG00000232615:2(@)loc_5_0	30	0.9946	0.0084	0.0339	0.033	0.033	ENSG00000232615	5	0
ENSG00000072571:1(@)loc_5_95	81	0.562	0.0071	0.0271	0.0235	0.027	ENSG00000072571	5	0
ENSG00000249485:1(@)loc_5_10	123	0.6326	0.0772	0.0506	0.043	0.0435	ENSG00000249485	5	1
ENSG00000172239:2(@)loc_5_27	97	0.123	0.0209	0.0051	0.0029	0.003	ENSG00000172239	5	0
ENSG00000205464:2(@)loc_5_47	6	0.9864	0.0016	0.0236	0.0234	0.0249	ENSG00000205464	5	0
ENSG00000113387:1(@)loc_5_21	6	0.9994	0.0007	0.0456	0.0454	0.0454	ENSG00000113387	5	0
ENSG00000279557:2(@)loc_5_28	2	0.0157	0.0	0.0003	0.0003	0.0007	ENSG00000279557	5	0
ENSG00000145545:1(@)loc_5_4	22	0.0912	0.0061	0.0023	0.0018	0.0021	ENSG00000145545	5	0
ENSG00000070814:1(@)loc_5_87	1	1.0	0.0001	0.1013	0.1013	0.1013	ENSG00000070814	5	0
ENSG00000249483:1(@)loc_5_46	1	0.9938	0.0007	0.0802	0.0802	0.0802	ENSG00000249483	5	0
ENSG00000279118:1(@)loc_5_75	1	0.9982	0.0002	0.1109	0.1109	0.1109	ENSG00000279118	5	0
ENSG00000272255:1(@)loc_5_81	46	0.733	0.012	0.0233	0.022	0.022	ENSG00000272255	5	0
ENSG00000250490:1(@)loc_5_4	25	0.9943	0.0095	0.0403	0.0393	0.04	ENSG00000250490	5	0
ENSG00000164591:1(@)loc_5_87	6	0.9654	0.0004	0.0337	0.0335	0.0335	ENSG00000164591	5	0
ENSG00000283897:2(@)loc_5_77	36	0.0271	0.0104	0.0012	0.0005	0.0005	ENSG00000283897	5	0
ENSG00000251000:1(@)loc_5_55	2	0.9984	0.4798	0.9804	0.9796	0.9796	ENSG00000251000	5	1
ENSG00000145868:1(@)loc_5_85	4	0.9974	0.0024	0.051	0.0509	0.0518	ENSG00000145868	5	0
ENSG00000225051:1(@)loc_5_106	8	0.9998	0.0047	0.0324	0.032	0.0601	ENSG00000225051	5	0
ENSG00000058729:1(@)loc_5_55	76	0.4812	0.0024	0.0325	0.0278	0.0306	ENSG00000058729	5	0
ENSG00000078295:1(@)loc_5_5	18	0.998	0.8196	0.9138	0.8836	0.9513	ENSG00000078295	5	1
ENSG00000113645:1(@)loc_5_98	19	0.9919	0.0034	0.0503	0.0495	0.0495	ENSG00000113645	5	0
ENSG00000241112:1(@)loc_5_86	1	0.9998	0.0006	0.0593	0.0593	0.0593	ENSG00000241112	5	0
ENSG00000164318:1(@)loc_5_24	30	0.9939	0.0005	0.0727	0.0707	0.071	ENSG00000164318	5	1
ENSG00000246596:1(@)loc_5_105	1	0.9999	0.0002	0.0236	0.0236	0.0236	ENSG00000246596	5	0
ENSG00000142319:1(@)loc_5_0	10	0.9967	0.0016	0.0507	0.0503	0.0503	ENSG00000142319	5	1
ENSG00000248367:1(@)loc_5_107	3	0.9879	0.0003	0.0856	0.0854	0.0864	ENSG00000248367	5	1
ENSG00000254333:1(@)loc_5_87	47	0.1415	0.0049	0.0066	0.0046	0.0061	ENSG00000254333	5	0
ENSG00000183258:2(@)loc_5_105	15	0.6798	0.0012	0.0713	0.0697	0.0736	ENSG00000183258	5	1
ENSG00000270706:1(@)loc_5_105	1	0.0387	0.0001	0.0014	0.0013	0.0013	ENSG00000270706	5	0
ENSG00000145632:1(@)loc_5_33	5	0.6896	0.0002	0.0746	0.0743	0.0743	ENSG00000145632	5	0
ENSG00000250909:1(@)loc_5_104	11	0.9976	0.0039	0.0348	0.0344	0.036	ENSG00000250909	5	0
ENSG00000253767:1(@)loc_5_82	5	0.9917	0.0003	0.0543	0.0541	0.0543	ENSG00000253767	5	0
ENSG00000038427:1(@)loc_5_47	14	0.9891	0.0021	0.0589	0.058	0.0659	ENSG00000038427	5	0
ENSG00000113391:2(@)loc_5_54	35	0.9996	0.0071	0.021	0.0204	0.0204	ENSG00000113391	5	0
ENSG00000171720:1(@)loc_5_82	253	0.1826	0.0188	0.0297	0.0126	0.0147	ENSG00000171720	5	0
ENSG00000250853:1(@)loc_5_31	22	0.245	0.0076	0.0086	0.0079	0.0082	ENSG00000250853	5	1
ENSG00000263597:1(@)loc_5_78	27	0.9182	0.0067	0.0211	0.0204	0.0251	ENSG00000263597	5	0
ENSG00000011083:1(@)loc_5_86	3	0.6234	0.0009	0.0101	0.0097	0.0818	ENSG00000011083	5	1
ENSG00000071539:1(@)loc_5_0	107	0.9966	0.0369	0.0414	0.0374	0.041	ENSG00000071539	5	0
ENSG00000145824:1(@)loc_5_79	4	0.99	0.0029	0.071	0.0708	0.0708	ENSG00000145824	5	1
ENSG00000198677:1(@)loc_5_55	4	0.9981	0.0003	0.1228	0.1225	0.1225	ENSG00000198677	5	0
ENSG00000113068:2(@)loc_5_81	3	0.0242	0.0014	0.0006	0.0005	0.0006	ENSG00000113068	5	0
ENSG00000145734:2(@)loc_5_41	21	0.9902	0.0261	0.1123	0.1098	0.1221	ENSG00000145734	5	0
ENSG00000113460:1(@)loc_5_22	28	0.8815	0.0005	0.0669	0.0648	0.0681	ENSG00000113460	5	0
ENSG00000249855:1(@)loc_5_27	6	0.997	0.0023	0.0378	0.0371	0.1244	ENSG00000249855	5	0
ENSG00000006837:2(@)loc_5_79	4	0.029	0.0003	0.0005	0.0004	0.0004	ENSG00000006837	5	1
ENSG00000037280:1(@)loc_5_107	1	0.0051	0.0001	0.0007	0.0006	0.0006	ENSG00000037280	5	0
ENSG00000248514:1(@)loc_5_108	41	0.1162	0.0035	0.0136	0.0097	0.0106	ENSG00000248514	5	0
ENSG00000153914:2(@)loc_5_39	3	0.8053	0.0012	0.0428	0.0427	0.0427	ENSG00000153914	5	0
ENSG00000260761:1(@)loc_5_16	2	0.0107	0.0002	0.0001	0.0001	0.0001	ENSG00000260761	5	0
ENSG00000113368:1(@)loc_5_76	64	0.0947	0.005	0.0351	0.0219	0.0219	ENSG00000113368	5	1
ENSG00000248648:1(@)loc_5_78	1	0.9985	0.0003	0.0298	0.0298	0.0298	ENSG00000248648	5	0
ENSG00000239389:1(@)loc_5_82	13	0.9999	0.5684	0.8959	0.8862	0.8875	ENSG00000239389	5	1
ENSG00000254363:1(@)loc_5_81	85	0.8768	0.0317	0.0338	0.0304	0.0376	ENSG00000254363	5	0
ENSG00000253159:1(@)loc_5_83	20	0.0813	0.007	0.0129	0.0086	0.0148	ENSG00000253159	5	0
ENSG00000204967:1(@)loc_5_81	19	0.9915	0.0348	0.1562	0.1535	0.1535	ENSG00000204967	5	0
ENSG00000280207:1(@)loc_5_105	46	0.0853	0.0138	0.0043	0.0028	0.0029	ENSG00000280207	5	1
ENSG00000131188:1(@)loc_5_105	5	0.9867	0.0014	0.0558	0.0556	0.0556	ENSG00000131188	5	0
ENSG00000038382:1(@)loc_5_9	1	0.1146	0.0004	0.0047	0.0046	0.0046	ENSG00000038382	5	0
ENSG00000173210:1(@)loc_5_86	49	0.9781	0.0142	0.0323	0.0308	0.0314	ENSG00000173210	5	0
ENSG00000134516:2(@)loc_5_99	10	0.9981	0.004	0.0448	0.0444	0.0444	ENSG00000134516	5	0
ENSG00000132563:1(@)loc_5_81	15	0.9978	0.0013	0.0481	0.0474	0.0509	ENSG00000132563	5	0
ENSG00000253406:1(@)loc_5_86	17	0.9961	0.0063	0.0956	0.0941	0.0971	ENSG00000253406	5	0
ENSG00000197860:1(@)loc_5_39	27	0.9988	0.0045	0.1022	0.0996	0.1023	ENSG00000197860	5	0
ENSG00000132570:1(@)loc_5_79	1	0.9921	0.0017	0.1566	0.1566	0.1566	ENSG00000132570	5	1
ENSG00000271871:2(@)loc_5_82	103	0.9995	0.0036	0.0588	0.0534	0.0578	ENSG00000271871	5	0
ENSG00000113721:1(@)loc_5_86	5	0.9747	0.0012	0.0322	0.0321	0.0321	ENSG00000113721	5	0
ENSG00000113389:1(@)loc_5_21	14	0.9509	0.0004	0.0663	0.0654	0.0671	ENSG00000113389	5	0
ENSG00000086570:1(@)loc_5_87	2	0.9962	0.0007	0.0345	0.0345	0.0345	ENSG00000086570	5	0
ENSG00000254221:1(@)loc_5_82	13	0.8138	0.0003	0.0542	0.0535	0.0535	ENSG00000254221	5	0
ENSG00000249825:1(@)loc_5_45	12	0.9869	0.0029	0.0262	0.0259	0.0259	ENSG00000249825	5	0
ENSG00000250120:1(@)loc_5_82	2	0.9952	0.0006	0.0358	0.0357	0.0359	ENSG00000250120	5	0
ENSG00000198865:1(@)loc_5_26	28	0.995	0.0081	0.0377	0.0367	0.0367	ENSG00000198865	5	0
ENSG00000177733:1(@)loc_5_80	3	0.9979	0.0001	0.0738	0.0736	0.0736	ENSG00000177733	5	0
ENSG00000261757:1(@)loc_5_83	4	0.9325	0.0005	0.1051	0.1047	0.1052	ENSG00000261757	5	0
ENSG00000271781:1(@)loc_5_0	96	0.9966	0.019	0.0384	0.0351	0.0384	ENSG00000271781	5	0
ENSG00000172244:1(@)loc_5_27	1	0.9989	0.0003	0.0289	0.0289	0.0289	ENSG00000172244	5	0
ENSG00000130449:1(@)loc_5_35	2	0.9925	0.0008	0.0397	0.0397	0.0397	ENSG00000130449	5	0
ENSG00000145649:1(@)loc_5_30	44	0.9956	0.0087	0.0162	0.0154	0.0188	ENSG00000145649	5	0
ENSG00000171368:1(@)loc_5_0	119	0.0462	0.0314	0.0049	0.0014	0.0015	ENSG00000171368	5	0
ENSG00000236882:1(@)loc_5_55	1	1.0	0.0007	0.0574	0.0574	0.0574	ENSG00000236882	5	0
ENSG00000189045:1(@)loc_5_43	16	0.984	0.1005	0.3882	0.3826	0.3826	ENSG00000189045	5	0
ENSG00000145536:1(@)loc_5_3	5	0.9949	0.0018	0.0408	0.0406	0.0406	ENSG00000145536	5	0
ENSG00000164175:1(@)loc_5_21	2	0.0191	0.0008	0.001	0.0009	0.0009	ENSG00000164175	5	0
ENSG00000243414:1(@)loc_5_67	1	0.9995	0.0003	0.0283	0.0283	0.0283	ENSG00000243414	5	0
ENSG00000145819:2(@)loc_5_83	3	0.9975	0.0012	0.0489	0.0488	0.0548	ENSG00000145819	5	0
ENSG00000164576:1(@)loc_5_89	1	0.9951	0.9884	0.9991	0.9949	0.9949	ENSG00000164576	5	1
ENSG00000249572:2(@)loc_5_21	5	0.0081	0.0011	0.0018	0.001	0.0011	ENSG00000249572	5	0
ENSG00000164902:1(@)loc_5_75	1	0.9983	0.0003	0.0248	0.0248	0.0248	ENSG00000164902	5	0
ENSG00000112874:1(@)loc_5_59	11	0.9988	0.004	0.0366	0.0362	0.0387	ENSG00000112874	5	0
ENSG00000250891:1(@)loc_5_69	25	0.9564	0.0054	0.0197	0.0192	0.0206	ENSG00000250891	5	0
ENSG00000185372:1(@)loc_5_108	3	0.9915	0.918	0.9955	0.9893	0.9896	ENSG00000185372	5	1
ENSG00000272070:1(@)loc_5_82	7	0.6698	0.0772	0.3421	0.3369	0.3684	ENSG00000272070	5	1
ENSG00000113732:1(@)loc_5_102	1	0.9999	0.0	0.0758	0.0758	0.0758	ENSG00000113732	5	0
ENSG00000120328:1(@)loc_5_82	5	0.998	0.9798	0.9984	0.9938	0.9966	ENSG00000120328	5	1
ENSG00000155329:2(@)loc_5_78	2	0.9999	0.0001	0.0678	0.0677	0.0678	ENSG00000155329	5	0
ENSG00000164209:1(@)loc_5_64	22	0.9503	0.0059	0.0294	0.0288	0.0288	ENSG00000164209	5	0
ENSG00000145908:2(@)loc_5_87	29	0.5636	0.0096	0.0203	0.0193	0.0211	ENSG00000145908	5	0
ENSG00000113658:1(@)loc_5_79	1	0.995	0.0006	0.0478	0.0478	0.0478	ENSG00000113658	5	0
ENSG00000145675:2(@)loc_5_40	19	0.0429	0.0145	0.0045	0.003	0.0031	ENSG00000145675	5	0
ENSG00000134363:1(@)loc_5_29	1	0.9973	0.0001	0.051	0.051	0.051	ENSG00000134363	5	0
ENSG00000113649:1(@)loc_5_84	8	0.9987	0.0044	0.0589	0.0585	0.0636	ENSG00000113649	5	0
ENSG00000184840:1(@)loc_5_105	6	0.0085	0.0013	0.0003	0.0001	0.0002	ENSG00000184840	5	1
ENSG00000271849:1(@)loc_5_63	4	0.9942	0.0002	0.1493	0.1488	0.1641	ENSG00000271849	5	0
ENSG00000152359:1(@)loc_5_43	35	0.9961	0.0156	0.0475	0.046	0.046	ENSG00000152359	5	0
ENSG00000133706:2(@)loc_5_84	37	0.4332	0.0259	0.0247	0.0219	0.0324	ENSG00000133706	5	0
ENSG00000113249:1(@)loc_5_91	17	0.9721	0.0038	0.2707	0.266	0.2815	ENSG00000113249	5	1
ENSG00000272389:1(@)loc_5_65	166	0.3518	0.0425	0.0148	0.0099	0.0119	ENSG00000272389	5	0
ENSG00000248925:1(@)loc_5_0	119	0.9953	0.7896	0.7103	0.6332	0.7128	ENSG00000248925	5	1
ENSG00000153037:2(@)loc_5_65	2	0.9948	0.0213	0.368	0.3672	0.4698	ENSG00000153037	5	1
ENSG00000244921:1(@)loc_5_79	6	0.999	0.6366	0.9225	0.908	0.97	ENSG00000244921	5	1
ENSG00000072803:1(@)loc_5_101	10	0.9905	0.0019	0.0296	0.0294	0.0297	ENSG00000072803	5	0
ENSG00000251050:1(@)loc_5_45	1	0.9996	0.0001	0.0591	0.0591	0.0591	ENSG00000251050	5	0
ENSG00000235253:1(@)loc_5_78	10	0.9849	0.0047	0.0314	0.031	0.048	ENSG00000235253	5	0
ENSG00000249908:1(@)loc_5_0	119	0.6941	0.0399	0.0303	0.0259	0.029	ENSG00000249908	5	0
ENSG00000250999:1(@)loc_5_106	96	0.3205	0.0027	0.0267	0.0201	0.0231	ENSG00000250999	5	0
ENSG00000250427:1(@)loc_5_69	32	0.9634	0.0083	0.0302	0.0293	0.0294	ENSG00000250427	5	0
ENSG00000132356:1(@)loc_5_25	1	0.9938	0.0003	0.0242	0.0242	0.0242	ENSG00000132356	5	0
ENSG00000145491:2(@)loc_5_7	37	0.0766	0.0095	0.0029	0.0018	0.0022	ENSG00000145491	5	0
ENSG00000153006:1(@)loc_5_37	15	0.0652	0.0028	0.0029	0.0024	0.0024	ENSG00000153006	5	0
ENSG00000213891:1(@)loc_5_35	1	0.0074	0.0009	0.0004	0.0003	0.0003	ENSG00000213891	5	0
ENSG00000279130:2(@)loc_5_83	7	1.0	0.0029	0.045	0.0447	0.0455	ENSG00000279130	5	0
ENSG00000085365:2(@)loc_5_44	154	0.6069	0.0067	0.085	0.07	0.07	ENSG00000085365	5	0
ENSG00000184838:1(@)loc_5_71	48	0.1684	0.0081	0.0198	0.0153	0.0154	ENSG00000184838	5	0
ENSG00000160883:1(@)loc_5_105	2	0.9952	0.9455	0.9952	0.992	0.993	ENSG00000160883	5	1
ENSG00000120329:1(@)loc_5_82	2	0.9999	0.0006	0.0939	0.0938	0.0962	ENSG00000120329	5	0
ENSG00000133398:1(@)loc_5_4	1	0.9998	0.0008	0.0706	0.0706	0.0706	ENSG00000133398	5	0
ENSG00000246334:1(@)loc_5_105	1	0.9956	0.0001	0.0558	0.0558	0.0558	ENSG00000246334	5	0
ENSG00000249637:2(@)loc_5_81	6	1.0	0.0019	0.0269	0.0268	0.0268	ENSG00000249637	5	0
ENSG00000251450:1(@)loc_5_45	17	0.9478	0.0037	0.0333	0.0328	0.0328	ENSG00000251450	5	0
ENSG00000272112:1(@)loc_5_87	1	0.9543	0.0003	0.0315	0.0315	0.0315	ENSG00000272112	5	0
ENSG00000250786:1(@)loc_5_7	44	0.9924	0.0091	0.0361	0.0346	0.0346	ENSG00000250786	5	0
ENSG00000164405:1(@)loc_5_78	32	0.128	0.0053	0.0023	0.0018	0.0019	ENSG00000164405	5	0
ENSG00000120322:1(@)loc_5_82	28	0.9989	0.0045	0.014	0.0136	0.0136	ENSG00000120322	5	0
ENSG00000113212:2(@)loc_5_82	2	0.9989	0.0004	0.014	0.0139	0.0142	ENSG00000113212	5	0
ENSG00000145777:2(@)loc_5_64	22	0.9789	0.0049	0.0427	0.0417	0.0479	ENSG00000145777	5	0
ENSG00000113248:1(@)loc_5_82	5	0.9961	0.0004	0.0364	0.0362	0.0416	ENSG00000113248	5	0
ENSG00000272370:1(@)loc_5_38	71	0.9857	0.0157	0.0354	0.0331	0.0348	ENSG00000272370	5	0
ENSG00000272459:1(@)loc_5_105	2	0.9568	0.0001	0.0587	0.0586	0.0586	ENSG00000272459	5	0
ENSG00000113657:1(@)loc_5_85	26	0.0856	0.009	0.0033	0.0024	0.0032	ENSG00000113657	5	0
ENSG00000234284:1(@)loc_5_106	4	0.9997	0.0027	0.0575	0.0573	0.059	ENSG00000234284	5	1
ENSG00000232578:1(@)loc_5_54	1	0.9902	0.0001	0.0994	0.0994	0.0994	ENSG00000232578	5	0
ENSG00000248996:2(@)loc_5_105	21	0.9255	0.0114	0.0524	0.0513	0.0524	ENSG00000248996	5	0
ENSG00000154122:1(@)loc_5_10	26	0.9976	0.0079	0.0263	0.0256	0.0262	ENSG00000154122	5	0
ENSG00000248626:2(@)loc_5_92	2	0.0065	0.0007	0.0003	0.0002	0.0002	ENSG00000248626	5	1
ENSG00000164284:1(@)loc_5_86	31	0.9994	0.0048	0.0258	0.0249	0.0288	ENSG00000164284	5	0
ENSG00000044115:1(@)loc_5_81	6	0.0195	0.0004	0.0003	0.0003	0.0003	ENSG00000044115	5	0
ENSG00000251613:1(@)loc_5_41	64	0.9984	0.0684	0.1151	0.1084	0.1131	ENSG00000251613	5	1
ENSG00000112855:1(@)loc_5_81	11	0.9726	0.0015	0.0765	0.0755	0.0912	ENSG00000112855	5	1
ENSG00000146013:1(@)loc_5_81	3	0.9927	0.0003	0.0408	0.0408	0.0408	ENSG00000146013	5	1
ENSG00000249947:1(@)loc_5_65	6	0.9709	0.002	0.0389	0.0387	0.0387	ENSG00000249947	5	0
ENSG00000172869:1(@)loc_5_70	16	0.9989	0.0041	0.0299	0.0295	0.0295	ENSG00000172869	5	0
ENSG00000229119:1(@)loc_5_97	4	0.9886	0.0011	0.0344	0.0343	0.0343	ENSG00000229119	5	0
ENSG00000164236:1(@)loc_5_7	2	0.9994	0.0009	0.1526	0.1524	0.1619	ENSG00000164236	5	0
ENSG00000120129:2(@)loc_5_102	8	0.9924	0.0025	0.04	0.0398	0.0398	ENSG00000120129	5	0
ENSG00000169567:1(@)loc_5_78	26	0.9968	0.001	0.0584	0.0571	0.0571	ENSG00000169567	5	0
ENSG00000278925:1(@)loc_5_82	20	0.1486	0.0027	0.0099	0.0088	0.0088	ENSG00000278925	5	0
ENSG00000251532:1(@)loc_5_0	6	1.0	0.0745	0.054	0.0472	0.5473	ENSG00000251532	5	1
ENSG00000250669:1(@)loc_5_40	54	0.9975	0.0018	0.002	0.0018	0.0025	ENSG00000250669	5	0
ENSG00000151881:1(@)loc_5_27	45	0.8269	0.0115	0.0889	0.0844	0.0861	ENSG00000151881	5	0
ENSG00000249915:1(@)loc_5_0	108	0.9838	0.0283	0.0311	0.0281	0.0305	ENSG00000249915	5	0
ENSG00000248383:1(@)loc_5_82	1	0.9966	0.0006	0.1484	0.1484	0.1484	ENSG00000248383	5	0
ENSG00000253959:1(@)loc_5_102	4	0.9955	0.001	0.0248	0.0248	0.0248	ENSG00000253959	5	0
ENSG00000250222:1(@)loc_5_108	2	0.9931	0.0002	0.1181	0.118	0.1181	ENSG00000250222	5	0
ENSG00000184349:1(@)loc_5_62	4	0.9963	0.0015	0.0399	0.0398	0.0399	ENSG00000184349	5	0
ENSG00000156427:1(@)loc_5_101	10	0.2025	0.0027	0.0062	0.0059	0.0059	ENSG00000156427	5	0
ENSG00000152669:1(@)loc_5_30	1	0.9972	0.0	0.0565	0.0565	0.0565	ENSG00000152669	5	0
ENSG00000131437:1(@)loc_5_78	14	0.9983	0.0032	0.027	0.0267	0.0267	ENSG00000131437	5	0
ENSG00000213433:2(@)loc_5_87	4	0.0037	0.1359	0.0161	0.0024	0.0028	ENSG00000213433	5	0
ENSG00000197744:1(@)loc_5_70	95	0.4397	0.043	0.0262	0.0215	0.0231	ENSG00000197744	5	0
ENSG00000226221:1(@)loc_5_33	2	0.0256	0.0002	0.0012	0.0011	0.0011	ENSG00000226221	5	0
ENSG00000250387:1(@)loc_5_41	20	0.3766	0.0027	0.0022	0.002	0.0036	ENSG00000250387	5	0
ENSG00000249736:1(@)loc_5_40	7	0.9876	0.0004	0.0037	0.0037	0.0037	ENSG00000249736	5	0
ENSG00000277795:2(@)loc_5_82	5	0.9945	0.0017	0.0432	0.043	0.0431	ENSG00000277795	5	1
ENSG00000253537:1(@)loc_5_82	19	0.0593	0.006	0.0027	0.002	0.0021	ENSG00000253537	5	0
ENSG00000253869:1(@)loc_5_106	36	0.9875	0.0062	0.0143	0.0138	0.0147	ENSG00000253869	5	0
ENSG00000145882:1(@)loc_5_86	1	0.9692	0.0	0.0703	0.0702	0.0702	ENSG00000145882	5	1
ENSG00000152348:2(@)loc_5_46	21	0.9999	0.0048	0.0191	0.0186	0.0244	ENSG00000152348	5	0
ENSG00000214784:1(@)loc_5_64	20	0.9473	0.0042	0.0232	0.0228	0.0232	ENSG00000214784	5	0
ENSG00000253618:1(@)loc_5_86	34	0.9931	0.0105	0.0298	0.0288	0.0311	ENSG00000253618	5	0
ENSG00000248846:1(@)loc_5_39	27	0.9778	0.0008	0.0584	0.0569	0.0583	ENSG00000248846	5	0
ENSG00000198624:1(@)loc_5_87	2	0.9823	0.0001	0.1002	0.1001	0.1001	ENSG00000198624	5	1
ENSG00000164182:1(@)loc_5_35	95	0.4773	0.0262	0.0173	0.0145	0.0153	ENSG00000164182	5	0
ENSG00000062194:1(@)loc_5_32	7	0.9956	0.001	0.029	0.0288	0.037	ENSG00000062194	5	0
ENSG00000250343:1(@)loc_5_85	8	0.999	0.7194	0.4678	0.3198	0.9713	ENSG00000250343	5	1
ENSG00000246422:2(@)loc_5_82	55	0.8693	0.0701	0.1423	0.1358	0.1358	ENSG00000246422	5	0
ENSG00000250320:1(@)loc_5_48	5	0.9999	0.0006	0.0551	0.0549	0.0549	ENSG00000250320	5	0
ENSG00000146007:1(@)loc_5_81	28	0.9973	0.0009	0.0688	0.067	0.0715	ENSG00000146007	5	0
ENSG00000204758:1(@)loc_5_102	7	0.9985	0.0017	0.0253	0.0252	0.0252	ENSG00000204758	5	0
ENSG00000183775:1(@)loc_5_83	39	0.9691	0.0074	0.0185	0.0177	0.0202	ENSG00000183775	5	0
ENSG00000150753:1(@)loc_5_7	3	0.3368	0.0017	0.0225	0.0224	0.0224	ENSG00000150753	5	0
ENSG00000153404:1(@)loc_5_0	73	0.9318	0.009	0.0405	0.0373	0.043	ENSG00000153404	5	0
ENSG00000213757:1(@)loc_5_44	8	0.8416	0.0036	0.0359	0.0356	0.0367	ENSG00000213757	5	0
ENSG00000198944:2(@)loc_5_78	136	0.9997	0.0106	0.0069	0.0061	0.0069	ENSG00000198944	5	0
ENSG00000086200:1(@)loc_5_35	57	0.9894	0.0066	0.0832	0.0789	0.0807	ENSG00000086200	5	0
ENSG00000271918:1(@)loc_5_67	3	0.9743	0.0008	0.0278	0.0278	0.0288	ENSG00000271918	5	0
ENSG00000205572:2(@)loc_5_41	55	0.8232	0.0038	0.0956	0.0893	0.0981	ENSG00000205572	5	0
ENSG00000238363:1(@)loc_5_64	29	0.6994	0.0068	0.0172	0.0166	0.0166	ENSG00000238363	5	0
ENSG00000164620:1(@)loc_5_82	119	0.9266	0.0026	0.0734	0.065	0.0737	ENSG00000164620	5	0
ENSG00000113722:1(@)loc_5_86	1	0.9983	0.0003	0.0298	0.0298	0.0298	ENSG00000113722	5	0
ENSG00000251667:1(@)loc_5_104	1	0.9948	0.9956	0.9996	0.9947	0.9947	ENSG00000251667	5	1
ENSG00000122012:1(@)loc_5_43	35	0.9992	0.0097	0.0318	0.0308	0.0312	ENSG00000122012	5	0
ENSG00000213347:1(@)loc_5_105	14	0.9974	0.0034	0.0848	0.0837	0.0837	ENSG00000213347	5	0
ENSG00000161010:1(@)loc_5_106	33	0.9945	0.0113	0.0386	0.0374	0.0374	ENSG00000161010	5	0
ENSG00000145833:1(@)loc_5_79	7	0.9973	0.0013	0.0136	0.0135	0.0149	ENSG00000145833	5	0
ENSG00000205838:1(@)loc_5_22	6	0.9919	0.0019	0.0342	0.034	0.034	ENSG00000205838	5	0
ENSG00000204928:1(@)loc_5_84	1	0.9997	0.0005	0.0528	0.0528	0.0528	ENSG00000204928	5	0
ENSG00000233006:2(@)loc_5_78	88	0.9989	0.0089	0.0631	0.0586	0.0586	ENSG00000233006	5	0
ENSG00000168938:1(@)loc_5_73	2	0.9995	0.0	0.0626	0.0626	0.0626	ENSG00000168938	5	0
ENSG00000087206:1(@)loc_5_105	26	0.9979	0.0054	0.0294	0.0288	0.0288	ENSG00000087206	5	0
ENSG00000253163:1(@)loc_5_106	5	0.146	0.0012	0.0007	0.0006	0.0035	ENSG00000253163	5	0
ENSG00000113407:1(@)loc_5_21	2	0.9999	0.0001	0.0577	0.0577	0.0578	ENSG00000113407	5	0
ENSG00000253683:1(@)loc_5_102	3	0.9986	0.0008	0.0274	0.0274	0.0274	ENSG00000253683	5	0
ENSG00000197536:1(@)loc_5_78	1	0.9994	0.0005	0.1267	0.1267	0.1267	ENSG00000197536	5	0
ENSG00000250859:1(@)loc_5_76	5	0.977	0.0015	0.0442	0.0441	0.0441	ENSG00000250859	5	0
ENSG00000176857:1(@)loc_5_63	51	0.9962	0.1458	0.2425	0.2317	0.2317	ENSG00000176857	5	1
ENSG00000039537:1(@)loc_5_26	6	0.189	0.0019	0.0067	0.0065	0.0065	ENSG00000039537	5	0
ENSG00000171604:1(@)loc_5_81	294	0.9821	0.0897	0.0448	0.0346	0.0442	ENSG00000171604	5	0
ENSG00000253305:1(@)loc_5_82	75	0.9957	0.0103	0.0114	0.0106	0.0117	ENSG00000253305	5	0
ENSG00000172548:2(@)loc_5_91	38	0.9934	0.0135	0.0393	0.038	0.038	ENSG00000172548	5	0
ENSG00000129625:1(@)loc_5_65	35	0.3478	0.0008	0.0242	0.022	0.022	ENSG00000129625	5	0
ENSG00000241809:1(@)loc_5_29	48	0.9984	0.0052	0.0343	0.0327	0.0349	ENSG00000241809	5	0
ENSG00000186314:1(@)loc_5_84	45	0.9896	0.0082	0.0339	0.0324	0.035	ENSG00000186314	5	0
ENSG00000250056:1(@)loc_5_4	19	0.9998	0.0027	0.0549	0.054	0.0552	ENSG00000250056	5	0
ENSG00000132911:1(@)loc_5_88	10	0.9506	0.0007	0.1553	0.1532	0.1976	ENSG00000132911	5	0
ENSG00000270558:1(@)loc_5_23	2	0.1955	0.0016	0.0195	0.0194	0.0194	ENSG00000270558	5	0
ENSG00000132842:1(@)loc_5_44	1	0.9994	0.0	0.0717	0.0717	0.0717	ENSG00000132842	5	0
ENSG00000261360:1(@)loc_5_10	16	0.9912	0.0046	0.028	0.0277	0.0277	ENSG00000261360	5	0
ENSG00000254211:1(@)loc_5_102	23	0.8672	0.0102	0.1594	0.1544	0.1868	ENSG00000254211	5	0
ENSG00000272308:1(@)loc_5_35	2	0.9943	0.965	0.9978	0.9926	0.9936	ENSG00000272308	5	1
ENSG00000113552:1(@)loc_5_82	28	0.9954	0.0075	0.0266	0.0258	0.0289	ENSG00000113552	5	0
ENSG00000082074:1(@)loc_5_24	4	0.0331	0.0001	0.002	0.0018	0.0018	ENSG00000082074	5	0
ENSG00000279075:1(@)loc_5_6	54	0.9732	0.0141	0.0279	0.0265	0.0282	ENSG00000279075	5	0
ENSG00000050767:1(@)loc_5_105	37	0.9989	0.0049	0.0554	0.053	0.0676	ENSG00000050767	5	0
ENSG00000241907:1(@)loc_5_86	37	0.9999	0.0103	0.0316	0.0305	0.0315	ENSG00000241907	5	0
ENSG00000283498:1(@)loc_5_70	37	0.0292	0.0356	0.0061	0.0023	0.0028	ENSG00000283498	5	0
ENSG00000251102:1(@)loc_5_56	1	1.0	0.0002	0.019	0.019	0.019	ENSG00000251102	5	0
ENSG00000251405:1(@)loc_5_91	1	0.2637	0.0015	0.0365	0.0364	0.0364	ENSG00000251405	5	0
ENSG00000246214:1(@)loc_5_11	25	0.9943	0.007	0.0314	0.0307	0.0311	ENSG00000246214	5	0
ENSG00000113205:2(@)loc_5_82	57	0.9999	0.0197	0.0373	0.0353	0.0374	ENSG00000113205	5	0
ENSG00000249664:1(@)loc_5_47	40	0.9111	0.0027	0.0556	0.0535	0.0535	ENSG00000249664	5	0
ENSG00000250461:1(@)loc_5_35	17	0.9992	0.0081	0.0636	0.0628	0.0628	ENSG00000250461	5	0
ENSG00000270021:1(@)loc_5_79	3	0.9978	0.824	0.9899	0.9874	0.989	ENSG00000270021	5	1
ENSG00000112992:1(@)loc_5_27	2	0.9963	0.8207	0.9916	0.9899	0.9901	ENSG00000112992	5	1
ENSG00000272347:1(@)loc_5_0	106	0.9928	0.8978	0.8263	0.7224	0.8564	ENSG00000272347	5	1
ENSG00000247121:2(@)loc_5_55	7	0.9908	0.0008	0.1127	0.1123	0.1123	ENSG00000247121	5	0
ENSG00000164329:1(@)loc_5_45	1	0.9962	0.0002	0.0216	0.0216	0.0216	ENSG00000164329	5	0
ENSG00000249684:1(@)loc_5_105	6	0.9911	0.0001	0.0608	0.0605	0.0612	ENSG00000249684	5	0
ENSG00000113272:1(@)loc_5_91	32	0.9986	0.0106	0.0334	0.0323	0.0361	ENSG00000113272	5	0
ENSG00000169223:1(@)loc_5_105	1	0.9951	0.0003	0.0354	0.0354	0.0354	ENSG00000169223	5	0
ENSG00000253978:1(@)loc_5_98	11	0.9619	0.0023	0.0649	0.0642	0.0661	ENSG00000253978	5	0
ENSG00000204956:2(@)loc_5_82	63	0.9958	0.0531	0.062	0.0583	0.0631	ENSG00000204956	5	1
ENSG00000177721:1(@)loc_5_27	53	0.9795	0.0015	0.0022	0.0021	0.0021	ENSG00000177721	5	0
ENSG00000238000:1(@)loc_5_56	238	0.9958	0.1447	0.0756	0.0615	0.0737	ENSG00000238000	5	0
ENSG00000164308:1(@)loc_5_55	9	0.9749	0.0002	0.07	0.0694	0.0694	ENSG00000164308	5	0
ENSG00000164176:1(@)loc_5_48	3	0.9999	0.0008	0.0248	0.0247	0.025	ENSG00000164176	5	0
ENSG00000249996:1(@)loc_5_73	4	0.9988	0.0021	0.0503	0.0501	0.0501	ENSG00000249996	5	0
ENSG00000113319:1(@)loc_5_45	28	0.9978	0.0118	0.0253	0.0242	0.0421	ENSG00000113319	5	0
ENSG00000177058:1(@)loc_5_32	1	0.0019	0.0	0.0004	0.0003	0.0003	ENSG00000177058	5	0
ENSG00000113396:1(@)loc_5_76	10	0.9894	0.0013	0.0101	0.01	0.01	ENSG00000113396	5	0
ENSG00000272021:1(@)loc_5_55	1	0.9997	0.4931	0.9903	0.9903	0.9903	ENSG00000272021	5	1
ENSG00000251023:2(@)loc_5_54	29	0.0642	0.0095	0.003	0.002	0.0023	ENSG00000251023	5	0
ENSG00000171617:1(@)loc_5_42	1	0.0392	0.0001	0.0019	0.0018	0.0018	ENSG00000171617	5	1
ENSG00000113569:1(@)loc_5_23	2	0.9965	0.0006	0.0368	0.0368	0.0368	ENSG00000113569	5	0
ENSG00000251314:1(@)loc_5_55	15	0.337	0.0034	0.0096	0.0092	0.0092	ENSG00000251314	5	0
ENSG00000248994:1(@)loc_5_1	14	0.8853	0.0058	0.0371	0.0366	0.0368	ENSG00000248994	5	0
ENSG00000253558:1(@)loc_5_44	5	0.0325	0.0015	0.0012	0.0011	0.0011	ENSG00000253558	5	0
ENSG00000246859:1(@)loc_5_64	8	0.9925	0.0024	0.0456	0.0453	0.0453	ENSG00000246859	5	0
ENSG00000251307:1(@)loc_5_30	67	0.9929	0.2398	0.2429	0.2258	0.2651	ENSG00000251307	5	1
ENSG00000154124:1(@)loc_5_10	10	0.9934	0.2724	0.8616	0.857	0.857	ENSG00000154124	5	1
ENSG00000113734:1(@)loc_5_102	9	0.9976	0.0006	0.0529	0.0525	0.053	ENSG00000113734	5	0
ENSG00000198868:1(@)loc_5_79	5	0.9871	0.0016	0.0354	0.0352	0.0352	ENSG00000198868	5	0
ENSG00000215246:1(@)loc_5_0	3	0.9973	0.014	0.3384	0.3378	0.3378	ENSG00000215246	5	1
ENSG00000249158:1(@)loc_5_82	12	0.997	0.0015	0.0697	0.069	0.069	ENSG00000249158	5	0
ENSG00000281357:1(@)loc_5_52	1	0.9912	0.0006	0.2504	0.2504	0.2504	ENSG00000281357	5	1
ENSG00000251414:1(@)loc_5_104	1	0.022	0.0004	0.0009	0.0008	0.0008	ENSG00000251414	5	0
ENSG00000145743:1(@)loc_5_62	2	1.0	0.0007	0.0275	0.0275	0.0277	ENSG00000145743	5	0
ENSG00000253686:1(@)loc_5_102	6	0.996	0.0009	0.0146	0.0146	0.0146	ENSG00000253686	5	0
ENSG00000113742:1(@)loc_5_102	1	0.9985	0.0002	0.0433	0.0433	0.0433	ENSG00000113742	5	0
ENSG00000152620:1(@)loc_5_23	44	0.9948	0.0057	0.059	0.0566	0.06	ENSG00000152620	5	0
ENSG00000182230:1(@)loc_5_104	4	0.9996	0.001	0.0272	0.0271	0.0274	ENSG00000182230	5	0
ENSG00000164609:1(@)loc_5_93	6	0.0082	0.0005	0.0009	0.0005	0.0005	ENSG00000164609	5	0
ENSG00000178175:1(@)loc_5_41	151	0.6769	0.0486	0.0353	0.0285	0.0344	ENSG00000178175	5	0
ENSG00000240729:1(@)loc_5_105	1	0.9976	0.0002	0.0952	0.0952	0.0952	ENSG00000240729	5	1
ENSG00000250889:1(@)loc_5_42	2	0.955	0.0001	0.0875	0.0874	0.0874	ENSG00000250889	5	0
ENSG00000233974:1(@)loc_5_14	9	0.8812	0.0015	0.0463	0.0458	0.0473	ENSG00000233974	5	0
ENSG00000152705:1(@)loc_5_79	22	0.9997	0.0028	0.1015	0.0995	0.0995	ENSG00000152705	5	0
ENSG00000073578:1(@)loc_5_0	9	0.9667	0.0018	0.0326	0.0323	0.0332	ENSG00000073578	5	0
ENSG00000170482:1(@)loc_5_81	6	0.9999	0.0008	0.027	0.0269	0.029	ENSG00000170482	5	0
ENSG00000240764:1(@)loc_5_82	58	0.9923	0.017	0.0322	0.0303	0.0341	ENSG00000240764	5	0
ENSG00000164294:2(@)loc_5_30	1	0.9989	0.0	0.0635	0.0635	0.0635	ENSG00000164294	5	0
ENSG00000279883:1(@)loc_5_31	39	0.965	0.0112	0.0304	0.0292	0.0309	ENSG00000279883	5	0
ENSG00000133302:1(@)loc_5_54	77	0.4107	0.0062	0.028	0.0233	0.0259	ENSG00000133302	5	1
ENSG00000039600:2(@)loc_5_91	133	0.2636	0.348	0.0849	0.0481	0.0672	ENSG00000039600	5	0
ENSG00000164366:1(@)loc_5_0	95	0.9964	0.0238	0.0296	0.0272	0.029	ENSG00000164366	5	0
ENSG00000113583:1(@)loc_5_79	4	0.9817	0.0002	0.057	0.0568	0.0568	ENSG00000113583	5	0
ENSG00000178015:1(@)loc_5_55	86	0.9998	0.0055	0.0134	0.0123	0.0134	ENSG00000178015	5	0
ENSG00000249180:3(@)loc_5_55	5	0.3909	0.0035	0.0342	0.0339	0.0339	ENSG00000249180	5	0
ENSG00000248554:1(@)loc_5_27	82	0.1761	0.0705	0.0207	0.0133	0.0159	ENSG00000248554	5	0
ENSG00000245146:1(@)loc_5_81	11	0.9786	0.0003	0.059	0.0585	0.0585	ENSG00000245146	5	0
ENSG00000164258:2(@)loc_5_29	22	0.9886	0.0021	0.0507	0.0497	0.0497	ENSG00000164258	5	0
ENSG00000113083:1(@)loc_5_72	9	0.8976	0.0124	0.0268	0.0258	0.0922	ENSG00000113083	5	0
ENSG00000183580:1(@)loc_5_10	10	0.5743	0.0021	0.0138	0.0135	0.0135	ENSG00000183580	5	0
ENSG00000145919:1(@)loc_5_102	3	0.9949	0.0021	0.188	0.1876	0.1936	ENSG00000145919	5	0
ENSG00000245317:1(@)loc_5_106	44	0.7104	0.0006	0.0534	0.0503	0.0514	ENSG00000245317	5	0
ENSG00000175414:1(@)loc_5_104	17	0.6673	0.0072	0.032	0.0312	0.0328	ENSG00000175414	5	0
ENSG00000146054:1(@)loc_5_108	1	0.9995	0.0002	0.0359	0.0359	0.0359	ENSG00000146054	5	0
ENSG00000016082:1(@)loc_5_28	135	0.9982	0.0113	0.007	0.0061	0.0074	ENSG00000016082	5	0
ENSG00000250900:3(@)loc_5_108	1	0.9983	0.0002	0.3241	0.3241	0.3241	ENSG00000250900	5	1
ENSG00000164265:1(@)loc_5_85	35	0.9877	0.0047	0.0102	0.0098	0.0109	ENSG00000164265	5	0
ENSG00000205765:1(@)loc_5_26	5	0.1097	0.0016	0.0038	0.0037	0.0037	ENSG00000205765	5	0
ENSG00000183718:1(@)loc_5_108	1	0.0274	0.0001	0.0045	0.0043	0.0043	ENSG00000183718	5	0
ENSG00000113361:1(@)loc_5_20	21	0.9912	0.0009	0.0724	0.071	0.071	ENSG00000113361	5	0
ENSG00000145920:1(@)loc_5_104	10	0.9927	0.2197	0.6104	0.5993	0.747	ENSG00000145920	5	1
ENSG00000184584:2(@)loc_5_81	14	0.9835	0.005	0.2208	0.2182	0.2182	ENSG00000184584	5	1
ENSG00000260871:1(@)loc_5_51	12	0.9802	0.001	0.1507	0.1491	0.1491	ENSG00000260871	5	0
ENSG00000064652:2(@)loc_5_73	47	0.3777	0.012	0.011	0.0097	0.0104	ENSG00000064652	5	0
ENSG00000215217:1(@)loc_5_5	7	0.0866	0.0006	0.0093	0.0083	0.0116	ENSG00000215217	5	0
ENSG00000113761:1(@)loc_5_105	18	0.996	0.0075	0.0432	0.0424	0.0435	ENSG00000113761	5	1
ENSG00000250482:1(@)loc_5_20	11	0.9998	0.0002	0.088	0.0874	0.0874	ENSG00000250482	5	0
ENSG00000169131:1(@)loc_5_106	41	0.9913	0.0107	0.028	0.027	0.027	ENSG00000169131	5	0
ENSG00000245711:1(@)loc_5_23	1	0.9963	0.371	0.9729	0.9728	0.9728	ENSG00000245711	5	1
ENSG00000113356:2(@)loc_5_51	7	0.9999	0.0039	0.0344	0.034	0.0563	ENSG00000113356	5	0
ENSG00000145592:1(@)loc_5_25	1	0.9983	0.0002	0.0312	0.0312	0.0312	ENSG00000145592	5	1
ENSG00000164244:1(@)loc_5_76	17	0.9801	0.0017	0.0077	0.0076	0.0076	ENSG00000164244	5	0
ENSG00000272382:1(@)loc_5_27	62	0.9994	0.0009	0.0846	0.0797	0.0853	ENSG00000272382	5	0
ENSG00000172795:1(@)loc_5_65	37	1.0	0.0082	0.0332	0.0321	0.0329	ENSG00000172795	5	0
ENSG00000184347:2(@)loc_5_99	5	0.9962	0.0028	0.0557	0.0554	0.056	ENSG00000184347	5	0
ENSG00000132912:1(@)loc_5_88	1	0.0157	0.0	0.0019	0.0018	0.0018	ENSG00000132912	5	0
ENSG00000250155:2(@)loc_5_23	8	0.9993	0.0041	0.0985	0.0978	0.0989	ENSG00000250155	5	0
ENSG00000261269:1(@)loc_5_41	15	0.9858	0.0039	0.0276	0.0272	0.0272	ENSG00000261269	5	0
ENSG00000153113:1(@)loc_5_55	13	0.9949	0.7814	0.9651	0.9515	0.9652	ENSG00000153113	5	1
ENSG00000250237:1(@)loc_5_40	17	0.7099	0.0018	0.0415	0.0406	0.041	ENSG00000250237	5	1
ENSG00000176783:1(@)loc_5_106	24	0.997	0.0128	0.1673	0.1631	0.1821	ENSG00000176783	5	0
ENSG00000169230:2(@)loc_5_105	14	1.0	0.0038	0.026	0.0257	0.0257	ENSG00000169230	5	0
ENSG00000145901:2(@)loc_5_87	23	0.9941	0.0019	0.0038	0.0037	0.0056	ENSG00000145901	5	0
ENSG00000248092:1(@)loc_5_27	6	0.9976	0.0042	0.0655	0.0652	0.0671	ENSG00000248092	5	0
ENSG00000113088:1(@)loc_5_30	13	0.9933	0.0005	0.073	0.0721	0.0753	ENSG00000113088	5	0
ENSG00000251593:1(@)loc_5_16	7	0.9999	0.0034	0.0187	0.0185	0.0258	ENSG00000251593	5	0
ENSG00000253873:1(@)loc_5_82	3	0.9998	0.0002	0.1311	0.1309	0.1309	ENSG00000253873	5	1
ENSG00000134058:1(@)loc_5_40	1	0.9999	0.0025	0.1905	0.1905	0.1905	ENSG00000134058	5	1
ENSG00000164199:2(@)loc_5_52	56	0.0684	0.0205	0.0179	0.0118	0.0118	ENSG00000164199	5	0
ENSG00000164197:1(@)loc_5_37	27	0.9971	0.0045	0.0154	0.015	0.0156	ENSG00000164197	5	0
ENSG00000272431:1(@)loc_5_106	70	0.9744	0.0176	0.0271	0.0254	0.0268	ENSG00000272431	5	0
ENSG00000278921:1(@)loc_5_64	2	0.9987	0.0013	0.0974	0.0974	0.0974	ENSG00000278921	5	0
ENSG00000245556:1(@)loc_5_44	25	0.9969	0.018	0.0754	0.0737	0.0737	ENSG00000245556	5	0
ENSG00000164398:1(@)loc_5_78	2	0.9824	0.0004	0.0918	0.0917	0.0917	ENSG00000164398	5	0
ENSG00000225138:1(@)loc_5_0	27	0.9977	0.0008	0.0573	0.0558	0.0588	ENSG00000225138	5	0
ENSG00000262209:1(@)loc_5_82	5	0.9901	0.002	0.0406	0.0404	0.0425	ENSG00000262209	5	0
ENSG00000113211:1(@)loc_5_82	57	0.9967	0.9782	0.9863	0.945	0.9795	ENSG00000113211	5	1
ENSG00000242814:2(@)loc_5_74	12	0.9978	0.0005	0.0853	0.0843	0.0878	ENSG00000242814	5	0
ENSG00000243859:1(@)loc_5_48	8	0.9994	0.0031	0.0463	0.046	0.0474	ENSG00000243859	5	0
ENSG00000113296:1(@)loc_5_45	13	0.99	0.0028	0.0198	0.0195	0.0203	ENSG00000113296	5	0
ENSG00000182700:2(@)loc_5_81	1	0.9999	0.0	0.0676	0.0676	0.0676	ENSG00000182700	5	0
ENSG00000186479:1(@)loc_5_37	5	0.5349	0.002	0.0214	0.0212	0.0217	ENSG00000186479	5	0
ENSG00000251330:1(@)loc_5_85	1	0.6826	0.0009	0.0559	0.0558	0.0558	ENSG00000251330	5	0
ENSG00000176928:1(@)loc_5_42	26	0.999	0.0019	0.0437	0.0426	0.0461	ENSG00000176928	5	0
ENSG00000248560:1(@)loc_5_108	1	0.9507	0.0001	0.0097	0.0097	0.0097	ENSG00000248560	5	0
ENSG00000120314:1(@)loc_5_81	7	0.9923	0.0013	0.0563	0.0559	0.0559	ENSG00000120314	5	0
ENSG00000152377:1(@)loc_5_80	38	0.1272	0.0089	0.0036	0.0027	0.003	ENSG00000152377	5	0
ENSG00000272335:1(@)loc_5_27	33	0.9932	0.0086	0.028	0.0271	0.0284	ENSG00000272335	5	0
ENSG00000250882:1(@)loc_5_64	3	0.0418	0.0008	0.0013	0.0012	0.0012	ENSG00000250882	5	0
ENSG00000197451:1(@)loc_5_105	1	0.9977	0.0003	0.0262	0.0262	0.0262	ENSG00000197451	5	0
ENSG00000272367:1(@)loc_5_49	68	0.5536	0.0319	0.018	0.016	0.0172	ENSG00000272367	5	0
ENSG00000146094:1(@)loc_5_105	11	0.9955	0.0007	0.0958	0.0948	0.0966	ENSG00000146094	5	0
ENSG00000228650:1(@)loc_5_31	1	0.9989	0.0035	0.2716	0.2716	0.2716	ENSG00000228650	5	1
ENSG00000131495:1(@)loc_5_81	1	0.976	0.0005	0.0421	0.0421	0.0421	ENSG00000131495	5	0
ENSG00000169258:1(@)loc_5_104	1	0.9994	0.0	0.0638	0.0638	0.0638	ENSG00000169258	5	0
ENSG00000249293:1(@)loc_5_42	25	0.9692	0.0006	0.0761	0.0742	0.0768	ENSG00000249293	5	0
ENSG00000127022:1(@)loc_5_106	6	0.9796	0.0008	0.0605	0.0602	0.0603	ENSG00000127022	5	0
ENSG00000164172:1(@)loc_5_29	148	0.9811	0.5408	0.4124	0.3568	0.4165	ENSG00000164172	5	1
ENSG00000188002:1(@)loc_5_0	4	0.0114	0.0003	0.0009	0.0007	0.0007	ENSG00000188002	5	0
ENSG00000131503:1(@)loc_5_81	13	0.9878	0.0021	0.036	0.0356	0.0356	ENSG00000131503	5	0
ENSG00000185305:1(@)loc_5_30	11	0.5036	0.0042	0.0187	0.0183	0.0205	ENSG00000185305	5	0
ENSG00000145715:1(@)loc_5_49	11	0.9966	0.0047	0.0216	0.0214	0.0214	ENSG00000145715	5	1
ENSG00000173545:2(@)loc_5_11	3	0.9949	0.194	0.9362	0.9355	0.9355	ENSG00000173545	5	1
ENSG00000204628:1(@)loc_5_108	2	0.997	0.0001	0.0069	0.0069	0.0069	ENSG00000204628	5	0
ENSG00000172901:1(@)loc_5_67	52	0.9693	0.0118	0.0257	0.0245	0.0245	ENSG00000172901	5	0
ENSG00000132357:1(@)loc_5_25	23	0.9469	0.0005	0.0958	0.0939	0.0939	ENSG00000132357	5	0
ENSG00000169220:1(@)loc_5_105	15	0.9938	0.0039	0.0256	0.0253	0.0258	ENSG00000169220	5	1
ENSG00000145685:1(@)loc_5_44	2	0.9959	0.0006	0.026	0.026	0.0261	ENSG00000145685	5	0
ENSG00000197226:1(@)loc_5_106	1	0.9975	0.0003	0.0302	0.0302	0.0302	ENSG00000197226	5	0
ENSG00000169252:1(@)loc_5_86	5	0.9994	0.0004	0.0149	0.0147	0.0423	ENSG00000169252	5	0
ENSG00000251169:1(@)loc_5_79	1	0.9998	0.0001	0.004	0.004	0.004	ENSG00000251169	5	0
ENSG00000039560:1(@)loc_5_22	21	0.5526	0.0079	0.0259	0.025	0.0256	ENSG00000039560	5	0
ENSG00000253417:1(@)loc_5_93	1	0.9921	0.001	0.0901	0.0901	0.0901	ENSG00000253417	5	0
ENSG00000155542:1(@)loc_5_31	34	0.9898	0.0058	0.0323	0.0313	0.0323	ENSG00000155542	5	0
ENSG00000155506:1(@)loc_5_89	27	0.9913	0.0069	0.0302	0.0295	0.0295	ENSG00000155506	5	0
ENSG00000174695:1(@)loc_5_47	23	0.9851	0.0018	0.0446	0.0434	0.0521	ENSG00000174695	5	0
ENSG00000153922:1(@)loc_5_57	93	0.7061	0.2954	0.4183	0.3541	0.3993	ENSG00000153922	5	1
ENSG00000067113:1(@)loc_5_31	2	0.998	0.0005	0.1345	0.1344	0.1344	ENSG00000067113	5	0
ENSG00000249740:1(@)loc_5_24	11	0.9977	0.0018	0.0346	0.0343	0.0349	ENSG00000249740	5	0
ENSG00000248464:1(@)loc_5_27	32	0.9998	0.0568	0.151	0.1467	0.1467	ENSG00000248464	5	0
ENSG00000251682:1(@)loc_5_35	5	0.9999	0.0014	0.0309	0.0308	0.0308	ENSG00000251682	5	0
ENSG00000164220:1(@)loc_5_44	2	0.0124	0.0001	0.002	0.0017	0.0017	ENSG00000164220	5	0
ENSG00000253203:1(@)loc_5_41	1	0.9941	0.0001	0.0444	0.0444	0.0444	ENSG00000253203	5	0
ENSG00000185641:1(@)loc_5_67	3	0.9999	0.922	0.9958	0.9933	0.9963	ENSG00000185641	5	1
ENSG00000228737:2(@)loc_5_82	189	0.1497	0.0573	0.0117	0.0049	0.0062	ENSG00000228737	5	0
ENSG00000151292:2(@)loc_5_73	15	0.9837	0.0034	0.017	0.0167	0.017	ENSG00000151292	5	0
ENSG00000145861:1(@)loc_5_93	3	0.7366	0.001	0.0251	0.025	0.0251	ENSG00000145861	5	0
ENSG00000271795:1(@)loc_5_87	44	0.3735	0.0119	0.0119	0.0106	0.0118	ENSG00000271795	5	0
ENSG00000145703:1(@)loc_5_43	87	0.9992	0.0089	0.059	0.0544	0.0588	ENSG00000145703	5	0
ENSG00000120708:1(@)loc_5_79	3	0.997	0.003	0.0815	0.0813	0.0824	ENSG00000120708	5	0
ENSG00000113262:1(@)loc_5_106	18	0.7897	0.0038	0.0141	0.0138	0.0139	ENSG00000113262	5	1
ENSG00000083312:1(@)loc_5_41	76	0.9981	0.0205	0.0314	0.0292	0.0316	ENSG00000083312	5	0
ENSG00000182836:1(@)loc_5_26	47	0.8666	0.0079	0.0146	0.0139	0.0139	ENSG00000182836	5	0
ENSG00000113594:1(@)loc_5_24	2	0.9996	0.0001	0.0683	0.0683	0.0683	ENSG00000113594	5	0
ENSG00000240376:1(@)loc_5_21	6	0.1515	0.0001	0.0167	0.016	0.016	ENSG00000240376	5	1
ENSG00000081842:1(@)loc_5_82	11	0.9997	0.0005	0.0579	0.0574	0.0582	ENSG00000081842	5	0
ENSG00000234553:1(@)loc_5_31	4	0.9977	0.0027	0.105	0.1048	0.1048	ENSG00000234553	5	0
ENSG00000259802:1(@)loc_5_7	1	0.9889	0.8747	0.9916	0.9873	0.9873	ENSG00000259802	5	1
ENSG00000253731:1(@)loc_5_82	11	0.9932	0.3258	0.7895	0.7827	0.7827	ENSG00000253731	5	1
ENSG00000177034:1(@)loc_5_45	17	0.9934	0.0063	0.0376	0.037	0.0401	ENSG00000177034	5	0
ENSG00000170458:1(@)loc_5_81	1	0.9975	0.0005	0.0421	0.0421	0.0421	ENSG00000170458	5	0
ENSG00000164171:1(@)loc_5_29	5	0.9894	0.0001	0.0617	0.0615	0.0615	ENSG00000164171	5	0
ENSG00000225940:1(@)loc_5_31	378	0.906	0.1052	0.1673	0.1166	0.1648	ENSG00000225940	5	1
ENSG00000152939:1(@)loc_5_41	25	0.9949	0.0021	0.0399	0.039	0.039	ENSG00000152939	5	0
ENSG00000146067:1(@)loc_5_105	5	0.9978	0.0001	0.0554	0.0552	0.0552	ENSG00000146067	5	0
ENSG00000120306:1(@)loc_5_81	6	0.0113	0.0004	0.0006	0.0004	0.0005	ENSG00000120306	5	1
ENSG00000113522:1(@)loc_5_78	3	0.9785	0.0012	0.0481	0.048	0.048	ENSG00000113522	5	0
ENSG00000164309:1(@)loc_5_45	7	0.9982	0.0025	0.0371	0.0369	0.0369	ENSG00000164309	5	0
ENSG00000248727:1(@)loc_5_31	29	0.9749	0.0159	0.0625	0.0612	0.0612	ENSG00000248727	5	0
ENSG00000145740:1(@)loc_5_40	86	0.995	0.0133	0.0368	0.034	0.0361	ENSG00000145740	5	0
ENSG00000280161:2(@)loc_5_107	21	0.9858	0.0563	0.5185	0.5074	0.5322	ENSG00000280161	5	0
ENSG00000153140:1(@)loc_5_51	48	0.9793	0.2904	0.3602	0.3424	0.3737	ENSG00000153140	5	1
ENSG00000279522:1(@)loc_5_65	31	0.9944	0.0055	0.113	0.109	0.1312	ENSG00000279522	5	0
ENSG00000164266:1(@)loc_5_85	7	0.9952	0.0104	0.3503	0.3481	0.3508	ENSG00000164266	5	0
ENSG00000249042:1(@)loc_5_45	120	0.9535	0.2033	0.1515	0.132	0.1689	ENSG00000249042	5	0
ENSG00000124275:1(@)loc_5_5	3	0.9991	0.0011	0.036	0.0359	0.0382	ENSG00000124275	5	0
ENSG00000173261:1(@)loc_5_84	3	0.0109	0.0015	0.0008	0.0006	0.0006	ENSG00000173261	5	0
ENSG00000174705:1(@)loc_5_101	3	0.9896	0.0004	0.037	0.0369	0.0374	ENSG00000174705	5	0
ENSG00000064651:1(@)loc_5_76	87	0.9888	0.038	0.0522	0.0482	0.0498	ENSG00000064651	5	0
ENSG00000043143:1(@)loc_5_79	2	0.961	0.0005	0.0228	0.0228	0.0237	ENSG00000043143	5	0
ENSG00000145912:1(@)loc_5_105	60	0.7842	0.0064	0.032	0.0297	0.0318	ENSG00000145912	5	0
ENSG00000213523:1(@)loc_5_81	2	0.9998	0.8711	0.9946	0.9937	0.9942	ENSG00000213523	5	1
ENSG00000113070:2(@)loc_5_81	5	0.6256	0.0031	0.0373	0.0371	0.0371	ENSG00000113070	5	0
ENSG00000082068:2(@)loc_5_23	16	0.9631	0.0534	0.297	0.2924	0.2949	ENSG00000082068	5	0
ENSG00000271119:1(@)loc_5_0	13	0.9991	0.005	0.0309	0.0305	0.0339	ENSG00000271119	5	0
ENSG00000145687:1(@)loc_5_46	2	0.0108	0.0041	0.0017	0.0014	0.0016	ENSG00000145687	5	0
ENSG00000157111:1(@)loc_5_42	63	0.9896	0.0009	0.0709	0.0666	0.0731	ENSG00000157111	5	0
ENSG00000145721:1(@)loc_5_55	56	0.4195	0.0184	0.0165	0.0145	0.0154	ENSG00000145721	5	0
ENSG00000254164:1(@)loc_5_102	8	0.9615	0.0026	0.0304	0.0302	0.0327	ENSG00000254164	5	0
ENSG00000095015:1(@)loc_5_31	3	0.9906	0.0009	0.0386	0.0386	0.0386	ENSG00000095015	5	0
ENSG00000069011:1(@)loc_5_79	13	0.1479	0.0053	0.0152	0.0138	0.0146	ENSG00000069011	5	0
ENSG00000164190:1(@)loc_5_23	10	0.3647	0.0088	0.0237	0.0228	0.0319	ENSG00000164190	5	1
ENSG00000113558:1(@)loc_5_79	3	0.9523	0.0001	0.0083	0.0083	0.0083	ENSG00000113558	5	0
ENSG00000112893:1(@)loc_5_63	9	0.9865	0.0023	0.0425	0.0421	0.0423	ENSG00000112893	5	0
ENSG00000217128:1(@)loc_5_78	78	0.4668	0.0033	0.045	0.0394	0.0394	ENSG00000217128	5	0
ENSG00000161055:1(@)loc_5_107	6	0.9553	0.0027	0.1417	0.1411	0.1411	ENSG00000161055	5	0
ENSG00000164188:1(@)loc_5_23	28	1.0	0.8668	0.9301	0.8992	0.9435	ENSG00000164188	5	1
ENSG00000251634:1(@)loc_5_41	2	0.9977	0.0	0.0553	0.0553	0.0553	ENSG00000251634	5	0
ENSG00000254035:1(@)loc_5_106	6	0.998	0.0032	0.0393	0.039	0.0446	ENSG00000254035	5	0
ENSG00000048162:1(@)loc_5_104	5	0.9998	0.0032	0.057	0.0567	0.0613	ENSG00000048162	5	0
ENSG00000152582:1(@)loc_5_22	5	0.9955	0.0031	0.0596	0.0594	0.0594	ENSG00000152582	5	0
ENSG00000234292:1(@)loc_5_52	8	0.9908	0.0006	0.0032	0.0032	0.0058	ENSG00000234292	5	0
ENSG00000283602:1(@)loc_5_83	25	0.0764	0.0009	0.0082	0.006	0.0064	ENSG00000283602	5	0
ENSG00000248874:1(@)loc_5_15	17	0.9937	0.0017	0.0419	0.0412	0.0412	ENSG00000248874	5	0
ENSG00000188725:1(@)loc_5_35	1	0.9992	0.9676	0.9995	0.9989	0.9989	ENSG00000188725	5	1
ENSG00000272354:1(@)loc_5_38	83	0.9903	0.0256	0.0373	0.0345	0.036	ENSG00000272354	5	0
ENSG00000251221:1(@)loc_5_45	96	0.9884	0.0056	0.0512	0.0469	0.0495	ENSG00000251221	5	0
ENSG00000113621:1(@)loc_5_79	10	0.9995	0.0009	0.0145	0.0143	0.0145	ENSG00000113621	5	0
ENSG00000207129:1(@)loc_5_50	4	0.9998	0.0007	0.0332	0.0332	0.0332	ENSG00000207129	5	0
ENSG00000153071:1(@)loc_5_24	12	0.9876	0.9581	0.9611	0.8773	0.9822	ENSG00000153071	5	1
ENSG00000255408:2(@)loc_5_81	11	0.8757	0.0183	0.097	0.0954	0.1298	ENSG00000255408	5	0
ENSG00000248309:1(@)loc_5_50	1	0.9985	0.0001	0.0782	0.0782	0.0782	ENSG00000248309	5	0
ENSG00000214485:1(@)loc_5_86	16	0.9437	0.0003	0.0652	0.0643	0.0643	ENSG00000214485	5	0
ENSG00000171522:1(@)loc_5_25	41	0.9523	0.0067	0.0537	0.0514	0.0568	ENSG00000171522	5	0
ENSG00000174132:1(@)loc_5_57	41	0.9924	0.0013	0.1257	0.1213	0.1213	ENSG00000174132	5	0
ENSG00000248103:1(@)loc_5_108	12	0.9978	0.0007	0.0968	0.0957	0.0986	ENSG00000248103	5	0
ENSG00000249035:1(@)loc_5_87	3	0.9919	0.0002	0.1109	0.1107	0.1107	ENSG00000249035	5	1
ENSG00000127743:1(@)loc_5_86	4	0.9962	0.001	0.0257	0.0256	0.0257	ENSG00000127743	5	0
ENSG00000253213:1(@)loc_5_101	6	0.8111	0.0003	0.0747	0.0743	0.0743	ENSG00000253213	5	0
ENSG00000263432:1(@)loc_5_73	6	0.9948	0.0052	0.0449	0.0445	0.0736	ENSG00000263432	5	1
ENSG00000145779:1(@)loc_5_70	2	0.9974	0.0016	0.0727	0.0727	0.0727	ENSG00000145779	5	0
ENSG00000069020:1(@)loc_5_39	1	0.9966	0.0002	0.033	0.033	0.033	ENSG00000069020	5	0
ENSG00000113240:1(@)loc_5_105	19	0.9974	0.0118	0.059	0.0579	0.0608	ENSG00000113240	5	0
ENSG00000198961:1(@)loc_5_63	2	0.0463	0.0001	0.0073	0.007	0.007	ENSG00000198961	5	0
ENSG00000215218:1(@)loc_5_4	23	0.2209	0.0059	0.0059	0.0054	0.0054	ENSG00000215218	5	0
ENSG00000164338:1(@)loc_5_42	8	0.1004	0.0018	0.0022	0.002	0.0022	ENSG00000164338	5	1
ENSG00000253357:1(@)loc_5_98	9	0.9969	0.0027	0.0344	0.0341	0.0341	ENSG00000253357	5	0
ENSG00000170074:1(@)loc_5_105	14	0.0561	0.0035	0.002	0.0017	0.0017	ENSG00000170074	5	0
ENSG00000134987:1(@)loc_5_64	8	0.9756	0.0022	0.029	0.0288	0.0288	ENSG00000134987	5	0
ENSG00000171643:1(@)loc_5_43	7	0.9905	0.0002	0.0735	0.0731	0.0751	ENSG00000171643	5	0
ENSG00000161021:1(@)loc_5_106	14	0.9991	0.066	0.1279	0.1167	0.4836	ENSG00000161021	5	1
ENSG00000249129:1(@)loc_5_105	93	0.9217	0.0247	0.0276	0.025	0.0284	ENSG00000249129	5	0
ENSG00000164616:1(@)loc_5_79	12	0.6917	0.0028	0.0168	0.0165	0.0165	ENSG00000164616	5	0
ENSG00000085231:1(@)loc_5_40	1	0.9989	0.0	0.059	0.059	0.059	ENSG00000085231	5	0
ENSG00000061455:1(@)loc_5_73	24	0.9607	0.1818	0.4147	0.4029	0.4522	ENSG00000061455	5	0
ENSG00000244968:1(@)loc_5_24	13	0.8006	0.0032	0.023	0.0227	0.0227	ENSG00000244968	5	0
ENSG00000134982:2(@)loc_5_65	8	0.9997	0.0056	0.0736	0.0731	0.0731	ENSG00000134982	5	0
ENSG00000125347:1(@)loc_5_78	12	0.977	0.0063	0.1219	0.1206	0.1206	ENSG00000125347	5	0
ENSG00000145850:1(@)loc_5_91	2	0.4536	0.0003	0.0097	0.0097	0.0097	ENSG00000145850	5	0
ENSG00000272086:1(@)loc_5_20	3	0.9995	0.2521	0.8969	0.8954	0.8954	ENSG00000272086	5	1
ENSG00000248544:1(@)loc_5_91	9	0.9934	0.0009	0.0836	0.0829	0.0836	ENSG00000248544	5	0
ENSG00000196670:1(@)loc_5_108	50	0.9986	0.0024	0.0926	0.0873	0.1123	ENSG00000196670	5	0
ENSG00000082213:1(@)loc_5_20	23	0.9359	0.0048	0.0247	0.0241	0.0286	ENSG00000082213	5	0
ENSG00000260686:1(@)loc_5_73	13	0.9945	0.5311	0.8341	0.8219	0.8551	ENSG00000260686	5	1
ENSG00000175749:1(@)loc_5_58	8	0.9998	0.2257	0.7467	0.7427	0.7427	ENSG00000175749	5	1
ENSG00000280047:1(@)loc_5_82	52	0.9858	0.0062	0.0474	0.0451	0.046	ENSG00000280047	5	0
ENSG00000151883:1(@)loc_5_28	12	0.9989	0.0027	0.0226	0.0223	0.0244	ENSG00000151883	5	0
ENSG00000249492:1(@)loc_5_27	16	0.9983	0.0006	0.0619	0.0609	0.0648	ENSG00000249492	5	0
ENSG00000242477:1(@)loc_5_49	144	0.6368	0.0096	0.0795	0.0607	0.089	ENSG00000242477	5	1
ENSG00000262576:1(@)loc_5_82	75	0.6904	0.0266	0.0293	0.0266	0.0268	ENSG00000262576	5	0
ENSG00000261037:1(@)loc_5_4	8	0.9207	0.008	0.2521	0.2477	0.4042	ENSG00000261037	5	1
ENSG00000169247:1(@)loc_5_86	42	0.999	0.0381	0.0906	0.0871	0.0884	ENSG00000169247	5	0
ENSG00000145692:1(@)loc_5_44	1	0.994	0.0004	0.0419	0.0419	0.0419	ENSG00000145692	5	0
ENSG00000131732:1(@)loc_5_46	4	0.0083	0.0212	0.0055	0.0032	0.0032	ENSG00000131732	5	0
ENSG00000279821:3(@)loc_5_105	3	0.997	0.0043	0.1479	0.1476	0.1476	ENSG00000279821	5	0
ENSG00000251187:1(@)loc_5_64	1	0.8803	0.0001	0.0262	0.0262	0.0262	ENSG00000251187	5	0
ENSG00000249781:3(@)loc_5_8	56	0.0389	1.0	0.9999	0.0004	0.0389	ENSG00000249781	5	0
ENSG00000253968:1(@)loc_5_102	3	0.0697	0.0007	0.0015	0.0014	0.0014	ENSG00000253968	5	0
ENSG00000233913:1(@)loc_5_99	20	0.0984	0.0061	0.0045	0.0038	0.0038	ENSG00000233913	5	0
ENSG00000249850:1(@)loc_5_23	8	0.9949	0.0003	0.0756	0.075	0.0761	ENSG00000249850	5	1
ENSG00000156453:1(@)loc_5_82	13	0.2678	0.2353	0.2201	0.2	0.2	ENSG00000156453	5	1
						0.0	ENSG00000031003		0
						0.0	ENSG00000035499		0
						0.0	ENSG00000056097		0
						0.0	ENSG00000063438		1
						0.0	ENSG00000094880		0
						0.0	ENSG00000112981		0
						0.0	ENSG00000112983		0
						0.0	ENSG00000112984		0
						0.0	ENSG00000113013		0
						0.0	ENSG00000113163		0
						0.0	ENSG00000113448		0
						0.0	ENSG00000119048		1
						0.0	ENSG00000120709		0
						0.0	ENSG00000120733		0
						0.0	ENSG00000120738		0
						0.0	ENSG00000134480		1
						0.0	ENSG00000145708		0
						0.0	ENSG00000145781		0
						0.0	ENSG00000146006		0
						0.0	ENSG00000151876		0
						0.0	ENSG00000152931		0
						0.0	ENSG00000153347		0
						0.0	ENSG00000164253		0
						0.0	ENSG00000164291		0
						0.0	ENSG00000164292		0
						0.0	ENSG00000164325		0
						0.0	ENSG00000164574		1
						0.0	ENSG00000170476		0
						0.0	ENSG00000172062		1
						0.0	ENSG00000174136		0
						0.0	ENSG00000175449		0
						0.0	ENSG00000183474		1
						0.0	ENSG00000186952		0
						0.0	ENSG00000188818		0
						0.0	ENSG00000196743		0
						0.0	ENSG00000215006		0
						0.0	ENSG00000234602		0
						0.0	ENSG00000237187		0
						0.0	ENSG00000246323		1
						0.0	ENSG00000247311		0
						0.0	ENSG00000248559		0
						0.0	ENSG00000249238		0
						0.0	ENSG00000250138		0
						0.0	ENSG00000250415		0
						0.0	ENSG00000251093		0
						0.0	ENSG00000251348		0
						0.0	ENSG00000251493		0
						0.0	ENSG00000253846		0
						0.0	ENSG00000270177		0
						0.0	ENSG00000270906		0
						0.0	ENSG00000271737		0
						0.0	ENSG00000271788		0
						0.0	ENSG00000271926		0
						0.0	ENSG00000272081		0
						0.0	ENSG00000272144		0
						0.0	ENSG00000272525		0
						0.0	ENSG00000278970		0
						0.0	ENSG00000279469		0
						0.0	ENSG00000279584		0
						0.0	ENSG00000279908		0
