gene_id	gene_name	zscore	effect_size	pvalue	var_g	pred_perf_r2	pred_perf_pval	pred_perf_qval	n_snps_used	n_snps_in_cov	n_snps_in_model	chrom	IS_POSITIVE
ENSG00000145817	YIPF5	-0.2051443373450727	-0.0421595831404994	0.8375	0.0475673898699499				2	2	2	5	0
ENSG00000249364	RP11-434D9.1	-1.6210355758666994	-0.6733898409606871	0.105	0.0116515498129603				1	1	1	5	0
ENSG00000168724	DNAJC21	-2.316203739298145	-1.1883270862805244	0.02055	0.0075928788560592				2	2	3	5	1
ENSG00000272057	CTB-40H15.4	-0.829863429069519	-166.0807675272264	0.4066	5.06637308514901e-08				1	1	2	5	0
ENSG00000138829	FBN2	1.022258130244336	0.2309532607894135	0.3067	0.0403973648240388				5	5	6	5	0
ENSG00000113716	HMGXB3	-0.7328804343518404	-0.1191141248211203	0.4636	0.0759872860693776				4	4	5	5	0
ENSG00000170464	DNAJC18	0.1854286850276742	0.029667334300732	0.8529	0.0794200002092137				3	3	3	5	0
ENSG00000146083	RNF44	1.075070658373141	0.53500695917985	0.2823	0.0080885511387446				2	2	2	5	0
ENSG00000079215	SLC1A3	-0.4399362802635247	-0.0330840932799984	0.66	0.3740370551084834				2	2	4	5	0
ENSG00000113504	SLC12A7	-1.888488531112671	-0.9911405499497126	0.05896	0.0072733199397865				1	1	1	5	0
ENSG00000272109	CTD-2260A17.3	1.4297409760210742	0.2986801071104052	0.1528	0.0459756121158366				2	2	2	5	0
ENSG00000173221	GLRX	4.539303302764892	0.6050638989239121	5.644e-06	0.1144002440498471				1	1	1	5	1
ENSG00000164512	ANKRD55	0.5473198890686035	0.8247432616339672	0.5842	0.0009437987888184				1	1	2	5	0
ENSG00000113231	PDE8B	-0.0315191517576066	-0.0035056599686496	0.9749	0.1646543699605839				5	5	6	5	0
ENSG00000170561	IRX2	-1.77839195728302	-1.888293813146954	0.07534	0.0017761859653732				1	1	1	5	0
ENSG00000122008	POLK	0.3560283401098735	0.2121133285823487	0.7218	0.0058163205137198				2	2	3	5	0
ENSG00000113456	RAD1	1.1742263217683635	0.1531437273164764	0.2403	0.1180488075375495				4	4	4	5	0
ENSG00000037749	MFAP3	0.7293951511383057	0.3598443815271793	0.4658	0.0082559955211765				1	1	2	5	0
ENSG00000280420	AC005355.3	-0.2370138788567363	-0.0359620168705374	0.8126	0.087289847137741				9	9	10	5	0
ENSG00000049656	CLPTM1L	-0.0147506894832813	-0.002115067568389	0.9882	0.0975590550703048				5	5	6	5	0
ENSG00000251666	ZNF346-IT1	1.2592196018631436	0.174589707513478	0.208	0.1043470623602175				2	2	2	5	0
ENSG00000183666	GUSBP1	-1.550483028686032	-0.0845178077478419	0.121	0.6769176394098962				2	2	2	5	0
ENSG00000245688	CTB-26E19.1	0.8854978128336035	0.1390051618870814	0.3759	0.0814971386510748				2	2	2	5	0
ENSG00000049860	HEXB	5.067951625107029	0.4374245928534152	4.021e-07	0.2637509169898117				3	3	3	5	1
ENSG00000280159	CTD-2591A1.1	1.4410165548324585	0.390111057271997	0.1496	0.0273531978581639				1	1	1	5	0
ENSG00000113360	DROSHA	0.5583376268157292	0.1972680773174215	0.5766	0.0160711867981601				3	3	6	5	0
ENSG00000120725	SIL1	-0.7128558158874513	-0.3546590620883832	0.4759	0.0088921618898372				1	1	1	5	0
ENSG00000250961	CTD-2023N9.1	0.7265244198994883	0.3772451256360226	0.4675	0.0074468817918304				2	2	2	5	0
ENSG00000151388	ADAMTS12	-1.5265721860974204	-0.8066692422858832	0.1269	0.0071784142631121				2	2	5	5	0
ENSG00000198055	GRK6	-2.289866064601748	-0.5782039721727726	0.02203	0.034022708810453				3	3	4	5	0
ENSG00000247627	MTND4P12	-2.4149956703186035	-0.6421008986876309	0.01574	0.0282510224142633				1	1	1	5	0
ENSG00000213763	ACTBP2	-1.6383415896399909	-0.3445574449861274	0.1014	0.0462250092103266				3	3	3	5	0
ENSG00000222448	RN7SKP150	1.295400857925415	0.1922220858083775	0.1952	0.0911348224700488				1	1	1	5	0
ENSG00000120324	PCDHB10	1.266721315913111	0.1292853393339479	0.2053	0.1930775139282322				4	4	6	5	0
ENSG00000078795	PKD2L2	-0.4406381249427795	-0.0806138664307085	0.6595	0.0613477209872173				1	1	1	5	0
ENSG00000279400	CTD-2353F22.2	-0.3004147682209322	-0.0891987832753591	0.7639	0.0228692790254244				2	2	3	5	0
ENSG00000271752	RP11-269M20.3	1.397274613380432	0.1586514881195635	0.1623	0.1592156453224933				1	1	1	5	0
ENSG00000145741	BTF3	-1.3230262485447055	-0.4993735496995437	0.1858	0.0140400550632795				3	3	4	5	0
ENSG00000251495	PPIAP11	1.4865192375583705	0.1637380761106059	0.1371	0.1654072722630576				2	2	2	5	0
ENSG00000249899	CTD-2175A23.1	0.4460171923004617	0.2226407665385182	0.6556	0.0088058986787506				3	3	3	5	0
ENSG00000038274	MAT2B	-0.7946416139602661	-0.0435609524270129	0.4268	0.6687436579623115				1	1	1	5	0
ENSG00000171444	MCC	-1.556099268267235	-0.2902480054911724	0.1197	0.0576492652956109				3	3	3	5	0
ENSG00000249412	CTC-563A5.2	-0.9749278716947262	-0.2447739974869945	0.3296	0.0319434160443963				3	3	3	5	0
ENSG00000248126	CTD-2012J19.2	-0.1841782640730931	-0.0929433479654289	0.8539	0.0078233469720489				2	2	4	5	0
ENSG00000272130	RP11-360I2.1	-2.017441804338031	-0.1783695129404478	0.04365	0.2589041242557334				5	5	5	5	0
ENSG00000184845	DRD1	-0.6023682951927185	-0.247428679495307	0.5469	0.0119019089251801				1	1	2	5	0
ENSG00000161013	MGAT4B	-1.4535927123299164	-0.2265244249568866	0.1461	0.0831213955721689				6	6	6	5	0
ENSG00000113643	RARS	-2.255006790161133	-0.2889723605058385	0.02413	0.122122703177268				1	1	1	5	0
ENSG00000113749	HRH2	0.91485467693367	0.1942755957574628	0.3603	0.0444843386070828				8	8	9	5	0
ENSG00000146021	KLHL3	5.70764768166587	0.8037909433973439	1.145e-08	0.0989384726711832				4	4	6	5	1
ENSG00000157510	AFAP1L1	0.3945386209345287	0.0443602798429783	0.6932	0.1593262647601032				2	2	4	5	0
ENSG00000067248	DHX29	1.5114532709121706	0.8146753864918449	0.1307	0.0069437067227484				1	1	2	5	0
ENSG00000113108	APBB3	0.3964715925685407	0.1276191456291621	0.6918	0.019417839277749				4	4	5	5	0
ENSG00000204764	RANBP17	1.2378577729792524	0.0694083553871217	0.2158	0.6413303003085673				4	4	4	5	0
ENSG00000244073	RPS4XP6	0.1797889744375323	0.0150511008664393	0.8573	0.2882802675096414				3	3	4	5	0
ENSG00000152932	RAB3C	0.5929186555842342	0.0986040893173986	0.5532	0.0714856103144362				3	3	3	5	0
ENSG00000175449	RFESD	-0.4702211916446685	-0.5112317381452369	0.6382	0.0017063278423653				1	1	2	5	0
ENSG00000204659	CBY3	0.8098576664924623	1200776810696116.0	0.418	9.131827623520525e-34				1	1	2	5	0
ENSG00000234290	AC116366.6	8.864108096723177	0.634364847010883	7.712e-19	0.3859779861678259				7	7	9	5	1
ENSG00000146001	PCDHB18P	-0.5158244967460631	-0.0932851334233119	0.606	0.0614065788949045				2	2	2	5	0
ENSG00000131507	NDFIP1	-0.1388546526432037	-0.0043287363742152	0.8896	2.066997303807801				1	1	2	5	0
ENSG00000249494	CTB-161M19.4	1.580147862434387	0.4179499650015364	0.1141	0.0289509667529114				1	1	1	5	0
ENSG00000113448	PDE4D	2.286870206252424	1.3284877086067757	0.0222	0.0059298322561289				3	3	4	5	0
ENSG00000168903	BTNL3	0.6004205346107482	0.0832707127115153	0.5482	0.1044048150692963				1	1	3	5	0
ENSG00000120149	MSX2	0.4288735789836443	0.0336936083630929	0.668	0.3254942297117056				4	4	7	5	0
ENSG00000145736	GTF2H2	-0.6218041719636888	-0.049940348107485	0.5341	0.341576987999092				3	3	3	5	0
ENSG00000068796	KIF2A	0.5762980635014795	0.0686898510203149	0.5644	0.1414790092376101				6	6	10	5	0
ENSG00000132837	DMGDH	0.9980801516779751	0.1289656890282841	0.3182	0.1222397596762709				3	3	3	5	0
ENSG00000015479	MATR3	-0.2767282288782688	-0.0487845620228513	0.782	0.0646466723194181				4	4	4	5	0
ENSG00000254245	PCDHGA3	0.4760341134648586	0.1353685588957807	0.6341	0.0261494856786035				2	2	3	5	0
ENSG00000272108	AC005754.8	-0.6436092547684065	-0.1295997959428876	0.5198	0.0496046320200123				5	5	6	5	0
ENSG00000043462	LCP2	1.5357151587224465	0.1421089015253949	0.1246	0.2341028640712577				4	4	4	5	0
ENSG00000226040	AC005740.3	-0.0428641385328443	-0.0191488927558346	0.9658	0.0101399043278785				2	2	2	5	0
ENSG00000176049	JAKMIP2	-1.1227092742919922	-0.2581313814127052	0.2616	0.0379538220909706				1	1	1	5	0
ENSG00000150712	MTMR12	-0.4976151503732139	-0.0562018943784752	0.6188	0.1579485718159329				5	5	5	5	0
ENSG00000164327	RICTOR	2.235358953475952	0.366454290757581	0.02539	0.0743745946259965				1	1	1	5	0
ENSG00000049167	ERCC8	0.4820365309715271	0.3023007817437155	0.6298	0.0052334235396399				1	1	1	5	0
ENSG00000145794	MEGF10	-0.4861920475959778	-0.3683844669709249	0.6268	0.0038510644472057				1	1	1	5	0
ENSG00000272523	LINC01023	2.3053622245788574	7.518636863589645	0.02115	0.000187859523994				1	1	1	5	1
ENSG00000134056	MRPS36	-1.162811517715454	-0.3294383956249877	0.2449	0.0249936947308873				1	1	1	5	0
ENSG00000112972	HMGCS1	-0.9157374229635769	-0.2655844095952532	0.3598	0.0238629404354718				2	2	2	5	0
ENSG00000087116	ADAMTS2	1.1154071092605593	0.3837912180341266	0.2647	0.0169468676451298				1	1	1	5	1
ENSG00000164404	GDF9	1.1759075276668716	0.1013569651107899	0.2396	0.2731087940109167				7	7	7	5	0
ENSG00000134057	CCNB1	0.5452988147735596	0.3466581080148781	0.5855	0.0049692111210921				1	1	2	5	0
ENSG00000249167	SEMA6A-AS2	0.8680883049964905	2.8440013305974623	0.3853	0.0001910860244571				1	1	1	5	0
ENSG00000048140	TSPAN17	0.6232334479644361	0.5636530708045382	0.5331	0.0024502437617889				2	2	2	5	0
ENSG00000164466	SFXN1	1.633435614325688	0.2300576541720038	0.1024	0.1017051356548019				3	3	4	5	0
ENSG00000170469	SPATA24	-0.8704374609229074	-0.1290165861337484	0.3841	0.0914792626698322				3	3	4	5	0
ENSG00000153347	FAM81B	-1.3307123148857325	-0.1447779789325315	0.1833	0.1696874253014844				3	3	3	5	0
ENSG00000164252	AGGF1	0.8180905863059206	0.9501842464392856	0.4133	0.0014977724807565				4	4	4	5	1
ENSG00000123213	NLN	-5.135086536407471	-1.1310567812217207	2.82e-07	0.0430648350021489				1	1	1	5	1
ENSG00000185261	KIAA0825	-0.2919841449264329	-0.1473573930567733	0.7703	0.0078933380935617				3	3	5	5	1
ENSG00000113209	PCDHB5	0.389888918565844	0.023259059568652	0.6966	0.5648986022439265				4	4	5	5	0
ENSG00000171421	MRPL36	-0.2540719211101532	-43190973261664.98	0.7994	6.963664019729462e-32				1	1	2	5	0
ENSG00000170091	HMP19	0.6971971294384665	0.0396876091375052	0.4857	0.657059223160088				4	4	4	5	0
ENSG00000155846	PPARGC1B	-1.344418335545016	-0.0622481719418874	0.1788	0.9410465979953389				3	3	3	5	0
ENSG00000169777	TAS2R1	0.9582690033547376	0.1601099995221849	0.3379	0.0720273416107873				5	5	5	5	0
ENSG00000094880	CDC23	-0.3278844886329075	-0.29534955624696	0.743	0.0025392535737221				2	2	2	5	0
ENSG00000178187	ZNF454	-2.4721900627557623	-0.2132027410503527	0.01343	0.3614709732128489				6	6	6	5	0
ENSG00000261934	PCDHGA9	5.053839740517421	0.8562924143847169	4.33e-07	0.068359219872034				3	3	3	5	1
ENSG00000156463	SH3RF2	0.1898177967343901	0.1347686391131848	0.8495	0.0040653842664619				2	2	2	5	0
ENSG00000164904	ALDH7A1	0.0913175852179696	-0.0014293028337062	0.9272	0.1898122848662022				3	3	3	5	0
ENSG00000086189	DIMT1	0.4930791247523968	0.3119342858517249	0.622	0.005015279348103				2	2	2	5	0
ENSG00000152684	PELO	-1.3941643238067627	-1.3453665105654975	0.1633	0.0022340330194352				1	1	1	5	0
ENSG00000228672	PROB1	7.154517116373271	3.330045725418652	8.397e-13	0.008812116095347				2	2	3	5	1
ENSG00000243304	CTC-428G20.1	0.6399978399276733	0.5539819086301496	0.5222	0.0026800220402944				1	1	1	5	0
ENSG00000113194	FAF2	-0.1282014006042271	-0.0223730352238813	0.898	0.066862851744587				4	4	6	5	0
ENSG00000247679	RP11-1277A3.1	-1.4663076972721505	-0.1290063313636339	0.1426	0.2592033663477629				3	3	4	5	0
ENSG00000170445	HARS	3.191959857940674	0.5982595609754434	0.001413	0.0566038921224663				2	2	3	5	1
ENSG00000250337	LINC01021	-1.4045572280883791	-0.6552850990029182	0.1602	0.009350896933867				1	1	1	5	0
ENSG00000204965	PCDHA5	-2.22991264503661	-1.5568921270507206	0.02575	0.0041087778053624				3	3	4	5	0
ENSG00000251664	PCDHA12	2.101486354977963	0.5819891592156242	0.0356	0.0261963000166239				3	3	3	5	0
ENSG00000164292	RHOBTB3	0.4595029950141906	0.3675926177097136	0.6459	0.0031434364352909				1	1	1	5	0
ENSG00000127184	COX7C	0.9576659622702032	0.2688738670198371	0.3382	0.0258918156419367				4	4	5	5	0
ENSG00000164185	ZNF474	-0.864786446094513	-0.8121082180951474	0.3872	0.0026754327308097				1	1	1	5	0
ENSG00000145569	FAM105A	-1.6570176035229691	-0.1260782436258495	0.09752	0.3474300624286877				2	2	3	5	0
ENSG00000145604	SKP2	-0.8705066814304426	-0.1535567146229215	0.384	0.0647027151278192				2	2	2	5	0
ENSG00000156475	PPP2R2B	1.0820280730306084	0.0931235125676529	0.2792	0.2733058270025387				5	5	5	5	0
ENSG00000251556	RP11-118M9.3	6.339239645852091	1.6001279722022088	2.309e-10	0.0307328809927394				4	4	5	5	1
ENSG00000168944	CEP120	-0.0844470694371817	-0.0078773493138903	0.9327	0.2318734298658258				4	4	5	5	0
ENSG00000253404	AC034243.1	-0.6413163714180732	-0.1191155977172085	0.5213	0.0586489204813619				5	5	6	5	0
ENSG00000224993	RPL29P12	-0.5510102636005857	-0.3810831378432085	0.5816	0.0042854628831694				2	2	3	5	0
ENSG00000244363	RPL7P23	1.5062929391860962	0.4476455174903962	0.132	0.0228302970373757				1	1	1	5	0
ENSG00000175416	CLTB	-9.246159769591742	-0.976553858591426	2.3270000000000003e-20	0.1691490401981842				2	2	2	5	1
ENSG00000134352	IL6ST	-1.0750105381011963	-0.403417257349154	0.2824	0.0142820686839129				1	1	1	5	0
ENSG00000113593	PPWD1	-0.7638335773356929	-0.0329103092823042	0.445	1.0920772681814468				2	2	3	5	0
ENSG00000247796	CTD-2366F13.1	-0.546507716178894	-0.1427477210928026	0.5847	0.0294711765829141				1	1	2	5	0
ENSG00000249797	LINC02147	0.828549411273484	0.2670415913263343	0.4074	0.0193270439705571				4	4	5	5	0
ENSG00000204969	PCDHA2	-1.3614273457493986	-0.1838388729557078	0.1734	0.1099983666938181				3	3	3	5	0
ENSG00000253910	PCDHGB2	-3.4731183549402864	-2.012559010189672	0.0005144	0.0059309870238839				3	3	4	5	1
ENSG00000155850	SLC26A2	0.4287695951627298	0.4275476007056981	0.6681	0.002017218653504				3	3	4	5	0
ENSG00000172262	ZNF131	0.0242412294135281	0.0037559948330202	0.9807	0.0819324642633418				4	4	4	5	0
ENSG00000113161	HMGCR	-0.1794848591089248	-0.0441883485383386	0.8576	0.0331521446292939				1	1	1	5	0
ENSG00000027847	B4GALT7	1.057382583618164	0.3104988202805123	0.2903	0.0232706371903546				1	1	1	5	0
ENSG00000050748	MAPK9	10.449564321934238	1.004843054113893	1.472e-25	0.1952283038063251				2	2	2	5	1
ENSG00000164402	SEPT8	1.122925877571106	1.193730877368114	0.2615	0.001775389494576				1	1	1	5	0
ENSG00000223361	FTH1P10	0.0547507964074611	0.0615469516165771	0.9563	0.0015904798515158				1	1	1	5	0
ENSG00000170234	PWWP2A	1.6654008626937866	0.3149943187568529	0.09583	0.0566826744680266				1	1	1	5	0
ENSG00000271828	CTD-2310F14.1	-1.1692323684692385	-1.292158980462677	0.2423	0.0016732242715202				1	1	1	5	0
ENSG00000230612	AC004237.1	-0.5455121155749956	-0.0869433734817334	0.5854	0.0810625490465098				5	5	5	5	1
ENSG00000040275	SPDL1	-0.6467101511065821	-0.0601396093917398	0.5178	0.2326147916104401				4	4	4	5	0
ENSG00000164180	TMEM161B	-2.942683458328247	-0.2206309326256982	0.003254	0.3651029689608319				1	1	1	5	0
ENSG00000074276	CDHR2	7.889525706214991	1.5487786241767838	3.033e-15	0.0502509556773883				3	3	3	5	1
ENSG00000158985	CDC42SE2	-0.8704913473286594	-0.0802467622233746	0.384	0.2399660415360274				6	6	7	5	0
ENSG00000171530	TBCA	1.1725332736968994	0.3000382300235754	0.241	0.0306663396648852				1	1	1	5	0
ENSG00000279737	RP11-79C6.2	1.0238848778699523	0.3627255387459426	0.3059	0.0160142845649103				2	2	2	5	1
ENSG00000113638	TTC33	-0.2162973135709762	-0.1983944959751878	0.8288	0.0024200064475136				1	1	2	5	0
ENSG00000178722	C5orf64	-0.3399593224706396	-0.0234021599139706	0.7339	0.4374373937298297				4	4	6	5	0
ENSG00000113719	ERGIC1	-0.710395336151123	-0.4649900379320535	0.4775	0.0057404824423752				1	1	1	5	0
ENSG00000269961	CTD-2033C11.1	-0.2435209141023767	-0.0695340266719628	0.8076	0.0254151340200178				2	2	2	5	0
ENSG00000134986	NREP	-0.3385257720947265	-0.1414530391940754	0.735	0.0116169034523015				1	1	1	5	0
ENSG00000215325	ASS1P10	0.657164738291	0.1030506376835573	0.5111	0.0818076233837374				3	3	3	5	0
ENSG00000253141	CTB-164N12.1	0.4554479718208313	0.4381948581774428	0.6488	0.0021697175743688				1	1	1	5	0
ENSG00000113578	FGF1	-0.0957180636164896	-0.0310068005788401	0.9237	0.0217240140647044				5	5	5	5	0
ENSG00000242198	CTD-2235C13.1	-1.098376750946045	-0.098535589995198	0.272	0.2493114064727445				1	1	1	5	0
ENSG00000236714	LINC01844	0.9289654493331908	0.4366762559237345	0.3529	0.0100804013750795				1	1	1	5	0
ENSG00000271874	CTD-2024P10.2	0.8828853667840938	0.1901493747987993	0.3773	0.0432003615441799				4	4	5	5	0
ENSG00000271207	MTCO1P22	6.381126403808594	0.9939031115573722	1.758e-10	0.0798612790082012				1	1	2	5	1
ENSG00000037241	RPL26L1	-1.3095532655715942	-1.4289352224080716	0.1903	0.0016843202239822				1	1	1	5	0
ENSG00000273841	TAF9	0.8380662006139304	0.3759089279623345	0.402	0.009977520562653				2	2	3	5	0
ENSG00000197603	C5orf42	-0.0674141222826429	-0.0159252288142191	0.9463	0.0359726368834833				4	4	4	5	0
ENSG00000131730	CKMT2	1.175874606023612	0.7575628215671568	0.2396	0.0049113289955585				6	6	7	5	0
ENSG00000120738	EGR1	-3.624986171722412	-2.475609460351552	0.000289	0.0042508437518727				1	1	1	5	0
ENSG00000259663	CTD-2314G24.2	3.432047841950424	0.8183891517995308	0.000599	0.0351751614522226				4	4	4	5	1
ENSG00000081189	MEF2C	0.1136844802356441	0.0404654407644774	0.9095	0.0158325017728216				5	5	9	5	0
ENSG00000245812	LINC02202	0.130823824138307	0.0091858104862805	0.8959	0.4143154431055683				3	3	5	5	0
ENSG00000039123	SKIV2L2	-3.042881361377224	-0.2775322227168537	0.002343	0.2431697985121119				4	4	4	5	1
ENSG00000113712	CSNK1A1	-0.4307515919208526	-0.2992232176859068	0.6666	0.004162309401099				1	1	1	5	0
ENSG00000188242	PP7080	-2.4351746657246016	-0.3337610967217022	0.01488	0.1063115129082085				5	5	5	5	0
ENSG00000113163	COL4A3BP	-1.3270052515414192	-0.3057673517057478	0.1845	0.0377824778220762				2	2	3	5	0
ENSG00000164406	LEAP2	0.7990041375160218	0.2935619106965351	0.4243	0.0148720597442598				1	1	3	5	0
ENSG00000152503	TRIM36	-0.2509774002885252	-0.0218610468753216	0.8018	0.2749558114580359				3	3	3	5	0
ENSG00000249295	RP11-241G9.3	-0.4544115381896559	-0.0693775804821774	0.6495	0.0861495273731873				5	5	6	5	0
ENSG00000233937	CTC-338M12.4	1.9933847047011848	0.1307612209922084	0.04622	0.4666549735170331				8	8	9	5	0
ENSG00000118322	ATP10B	1.6058903932571411	0.955817234051279	0.1083	0.0056559447109003				1	1	1	5	0
ENSG00000224431	AC063976.7	0.8493330478668213	0.8098647723828776	0.3957	0.0022265575263846				1	1	1	5	0
ENSG00000134061	CD180	-0.2134743481874466	-0.4837282066571342	0.831	0.00039269128567				1	1	2	5	0
ENSG00000250101	RP11-1252I4.2	0.5757450052166748	0.19307821143501	0.5648	0.0178286662852502				4	4	5	5	0
ENSG00000122203	KIAA1191	1.1502667665481567	0.1597265527991015	0.25	0.1047057727879915				1	1	1	5	0
ENSG00000251513	LIX1-AS1	1.2989751583343585	0.0767130235334425	0.194	0.5761873759950217				2	2	2	5	0
ENSG00000112936	C7	0.0022409276571124	0.0024523397496304	0.9982	0.0019977210236311				1	1	2	5	0
ENSG00000113273	ARSB	-0.9648394636872668	-0.1317139748566098	0.3346	0.1080232765217126				5	5	6	5	0
ENSG00000254122	PCDHGB7	0.895235549079239	0.0534092786384508	0.3707	0.566597851294004				2	2	2	5	0
ENSG00000169271	HSPB3	1.468367589342952	0.2928979646332547	0.142	0.0513392405218406				8	8	9	5	0
ENSG00000145934	TENM2	1.5711124749159344	0.6521973963226254	0.1162	0.0117022012468419				3	3	4	5	1
ENSG00000250159	RP11-381K20.2	-0.0526334047317504	-0.0373058392213527	0.958	0.0039987942460534				1	1	2	5	0
ENSG00000271737	CTB-113I20.2	0.0833165092251072	0.0520316927752798	0.9336	0.0069824560030196				4	4	5	5	0
ENSG00000234511	C5orf58	0.8398151993751563	0.1062571639496131	0.401	0.1390929921080532				3	3	4	5	0
ENSG00000249249	AC010226.4	0.5272890627880491	0.1254952910172309	0.598	0.0354796145680983				2	2	3	5	0
ENSG00000248559	RP11-215P8.3	-0.3410003360812849	-0.1629903250685379	0.7331	0.0087665098935017				3	3	3	5	0
ENSG00000145911	N4BP3	-0.874324580735252	-0.1535822954631264	0.3819	0.065192099766711				2	2	2	5	0
ENSG00000214357	NEURL1B	1.0424911975860596	0.3316737904835953	0.2972	0.0198243719148958				1	1	2	5	0
ENSG00000279469	RP11-215P8.2	0.4687840640544892	0.0660627250387887	0.6392	0.1016542298171863				1	1	1	5	0
ENSG00000113758	DBN1	1.9888467334197293	0.3556338411463373	0.04672	0.062576973809679				2	2	2	5	0
ENSG00000221990	EXOC3-AS1	-1.2121191697689484	-0.8741484227773383	0.2255	0.0038527712312456				2	2	2	5	0
ENSG00000205302	SNX2	1.514311505639748	0.1333199601887505	0.1299	0.2634347692025131				2	2	2	5	0
ENSG00000197479	PCDHB11	1.4447837322325985	0.3322799234500399	0.1485	0.0379153623162947				3	3	3	5	0
ENSG00000248794	CTD-2248H3.1	-0.6128810644149781	-0.0502066561575886	0.54	0.2992384094372118				2	2	2	5	0
ENSG00000170271	FAXDC2	0.2673002481460571	0.0418608282550222	0.7892	0.0819376912680718				1	1	1	5	0
ENSG00000248968	CTD-2256P15.1	0.6360973119735718	0.0735573755505195	0.5247	0.1501655417522788				2	2	2	5	0
ENSG00000249655	CTC-325J23.2	-0.6969708800315857	-0.126437162562746	0.4858	0.0610126459863986				1	1	1	5	0
ENSG00000113318	MSH3	-0.8607749342918396	-0.3449913333672122	0.3894	0.012496585362695				1	1	3	5	0
ENSG00000171992	SYNPO	-1.873186871460205	-0.2872512494785184	0.06104	0.0854533176009219				2	2	3	5	0
ENSG00000248791	CTD-2165H16.3	-0.8360678514238741	-0.0776952844858221	0.4031	0.2350699818748685				3	3	3	5	0
ENSG00000177879	AP3S1	1.36492383480072	0.6725599507942285	0.1723	0.0083475658223382				1	1	1	5	0
ENSG00000279375	CH17-140K24.6	2.899353551369232	0.808608839063031	0.003739	0.0256407572315578				4	4	4	5	0
ENSG00000155324	GRAMD3	-1.1586561304020138	-0.1989057149416122	0.2466	0.0688725649572563				4	4	4	5	0
ENSG00000245275	SAP30L-AS1	-0.3199371099472045	-0.0374275320451273	0.749	0.1482937000955944				1	1	1	5	0
ENSG00000177738	CTD-2201E18.3	-0.7922035455703735	-0.1105794960677394	0.4282	0.1073894586870396				1	1	2	5	0
ENSG00000158402	CDC25C	0.2374484270378959	0.031168603257127	0.8123	0.1159908827469305				8	8	8	5	0
ENSG00000197208	SLC22A4	1.1616220474243164	0.5048807333226382	0.2454	0.0150758416719531				1	1	1	5	0
ENSG00000112941	PAPD7	-0.6455792425721407	-0.3964373006387319	0.5186	0.0053655334594468				2	2	3	5	0
ENSG00000180104	EXOC3	-4.344656274622764	-1.5986257121395946	1.395e-05	0.0145622083692043				2	2	2	5	1
ENSG00000164283	ESM1	-1.020219039273019	-0.2290839259880623	0.3076	0.040034450078327				4	4	7	5	1
ENSG00000152413	HOMER1	-1.929079455380784	-0.4785394170717794	0.05372	0.0325324457487057				4	4	6	5	0
ENSG00000198108	CHSY3	-0.1168978512287139	-3.62970946106784	0.9069	4.585904563028934e-06				1	1	2	5	0
ENSG00000275506	CTD-2062A1.2	0.589163484479754	0.3701346728852645	0.5558	0.0065021936639774				6	6	7	5	0
ENSG00000086589	RBM22	-4.323647975921631	-1312039435720730.5	1.535e-05	2.14103438043676e-32				1	1	2	5	1
ENSG00000168685	IL7R	-0.2459189146757125	-0.1512757052272957	0.8057	0.0053312608835297				1	1	1	5	0
ENSG00000145757	SPATA9	5.479830741882324	0.9998256946563128	4.257e-08	0.0585592001448326				1	1	1	5	1
ENSG00000177839	PCDHB9	-0.871268831322955	-0.1326289939366319	0.3836	0.0874920761708997				4	4	4	5	0
ENSG00000113300	CNOT6	-1.59480881690979	-0.9214299511270364	0.1108	0.0060188172208143				1	1	1	5	0
ENSG00000066230	SLC9A3	-1.294753248423311	-0.1912861422954982	0.1954	0.0957494895059367				2	2	3	5	0
ENSG00000081818	PCDHB4	-11.631357427952397	-1.283853899666897	2.855e-31	0.1504399723386702				2	2	4	5	1
ENSG00000150756	FAM173B	-0.0720860437142134	-0.0391216077323685	0.9425	0.0068142448572562				3	3	3	5	0
ENSG00000113269	RNF130	-1.5623792736043465	-0.8589717463324456	0.1182	0.0066348374015291				3	3	4	5	0
ENSG00000276945	CTC-436P18.5	0.4770788252353668	0.1174815559348061	0.6333	0.0397071777077788				1	1	1	5	0
ENSG00000164346	NSA2	-1.0805881064022589	-0.1212607947551611	0.2799	0.1594446262010332				4	4	4	5	0
ENSG00000253908	RP11-252I14.2	-0.8284000158309937	-0.1730787602336886	0.4074	0.045988070978735				1	1	1	5	0
ENSG00000082196	C1QTNF3	-1.3590101090538569	-0.22128368399567	0.1741	0.0757842986385688				6	6	7	5	0
ENSG00000279584	AC005593.2	-2.09427613270614	-0.6073737491473935	0.03624	0.0246781835517192				4	4	4	5	0
ENSG00000276545	PCDHGB9P	1.7397267818450926	0.3753696914615717	0.08191	0.0433464565887849				1	1	3	5	0
ENSG00000230847	RP11-195E2.1	-1.987679942812892	-0.1585213375694649	0.04685	0.3214789561185177				7	7	8	5	0
ENSG00000253485	PCDHGA5	-2.182717800140381	-0.2668959117329765	0.02906	0.1337159832337848				1	1	1	5	1
ENSG00000172568	FNDC9	1.1923120949555048	0.2586568268773063	0.2331	0.0426259938809033				2	2	2	5	0
ENSG00000120318	ARAP3	0.9953295588493348	0.1692322953592094	0.3196	0.0694202138392078				1	1	1	5	0
ENSG00000146066	HIGD2A	-0.4905751049518585	-0.488405421810751	0.6237	0.0020262640779476				1	1	1	5	0
ENSG00000198237	RP11-98J23.2	-0.071321353316307	-0.0254376066445085	0.9431	0.015977642274454				1	1	2	5	0
ENSG00000152700	SAR1B	0.4519937151982838	0.0743068953194691	0.6513	0.0743919582499271				2	2	2	5	0
ENSG00000283559	RP11-844P9.2	0.2802053093910218	0.0756714249228319	0.7793	0.0275426696111994				1	1	1	5	0
ENSG00000113555	PCDH12	4.897552583249211	1.598304364570517	9.704e-07	0.0186189953025786				7	7	8	5	1
ENSG00000255883	FUNDC2P1	3.7093563690603535	5.962727565682453	0.0002078	0.0007683770005287				2	2	2	5	1
ENSG00000155511	GRIA1	0.67265444091321	0.1478619236195122	0.5012	0.0416458164966094				5	5	6	5	0
ENSG00000112964	GHR	0.7607624563751781	0.1882347906417754	0.4468	0.0327924301102637				2	2	2	5	0
ENSG00000249476	CTD-2587M2.1	-0.9102436900138856	-0.1149040401857066	0.3627	0.1263010434273989				1	1	1	5	0
ENSG00000113119	TMCO6	2.022906203099404	0.133515444863955	0.04308	0.4599262196838992				4	4	6	5	0
ENSG00000249437	NAIP	-2.5338487320153904	-0.18125008138278	0.01128	0.3922690438812096				3	3	3	5	0
ENSG00000113580	NR3C1	-1.436562576916288	-0.2091584675386877	0.1508	0.0947051771660115				5	5	6	5	0
ENSG00000243232	PCDHAC2	0.7128056883811951	0.4323393758349801	0.476	0.0054578531443882				1	1	1	5	0
ENSG00000187372	PCDHB13	-0.0976062044501304	-0.0061882421542628	0.9222	0.500444410065029				1	1	1	5	0
ENSG00000113073	SLC4A9	0.4608180899083138	0.0804974937855707	0.6449	0.0658132139043693				4	4	4	5	0
ENSG00000175426	PCSK1	-1.5215329830911182	-0.152528724592963	0.1281	0.201902792384976				2	2	2	5	0
ENSG00000249140	PRDX2P3	1.3590081930160522	1.0319978391487443	0.1741	0.0034897103432136				1	1	1	5	0
ENSG00000175309	PHYKPL	0.2249553650617599	0.0562602301194664	0.822	0.0321339429002449				1	1	3	5	0
ENSG00000254893	AC113404.1	-1.343935952483538	-0.2314424464697919	0.179	0.0678152400773755				2	2	2	5	0
ENSG00000151422	FER	8.292805845688513	1.2492809247721255	1.106e-16	0.0845179819342685				5	5	6	5	1
ENSG00000132840	BHMT2	-0.918671185571616	-0.0957633542351164	0.3583	0.1847646196135632				2	2	2	5	0
ENSG00000152409	JMY	1.4692417185358324	0.3175243617327982	0.1418	0.0436258203524042				3	3	4	5	0
ENSG00000177453	NIM1K	2.867917011038181	1.0164094906403938	0.004132	0.0164274266082613				4	4	5	5	0
ENSG00000229666	MAST4-AS1	-4.468865763760832	-0.6898289311009036	7.864e-06	0.083449926054522				3	3	4	5	1
ENSG00000249238	BCL9P1	0.6905808598168434	0.0853767098155264	0.4898	0.1315056231962286				6	6	8	5	0
ENSG00000215630	GUSBP9	-0.0786224486967345	-0.0203047668384944	0.9373	0.0299964984010988				5	5	7	5	0
ENSG00000173926	MARCH3	0.6228349208831787	1.3659425305910189	0.5334	0.0004227718847595				1	1	3	5	0
ENSG00000145700	ANKRD31	0.9052774692544372	0.1597626945574521	0.3653	0.0643455945960162				9	9	10	5	0
ENSG00000197375	SLC22A5	2.64381258324026	0.3378994473001454	0.008198	0.1220331392529324				5	5	7	5	0
ENSG00000153015	CWC27	6.080937121432627	0.8109908008646769	1.195e-09	0.1088898526020179				2	2	2	5	1
ENSG00000249721	RP11-83M16.4	0.3272735476493835	0.058194371343914	0.7435	0.0641150492113173				1	1	1	5	0
ENSG00000113263	ITK	-1.8466402292251587	-0.7542392346587721	0.0648	0.0120412623984861				1	1	1	5	0
ENSG00000145555	MYO10	0.2005838304758072	0.037177360074118	0.841	0.0584752946876969				1	1	2	5	0
ENSG00000039319	ZFYVE16	-1.0272854770382298	-0.0448801559248104	0.3043	1.0595686289870947				9	9	9	5	0
ENSG00000165810	BTNL9	8.848173472879541	0.5281005781660445	8.896e-19	0.5248728735167074				2	2	2	5	1
ENSG00000152422	XRCC4	0.0165174209040263	0.018737300501141	0.9868	0.0383133113389349				2	2	2	5	0
ENSG00000170606	HSPA4	0.0696993948005003	0.0037829012695053	0.9444	0.6870871186506303				5	5	6	5	0
ENSG00000120733	KDM3B	0.0373787693679332	0.0035522616501913	0.9702	0.2224310715850682				3	3	4	5	0
ENSG00000031003	FAM13B	1.3062611387212455	0.2806644404107202	0.1915	0.0440284286125876				3	3	3	5	0
ENSG00000120137	PANK3	-0.2678096064409519	-0.0433916694157949	0.7888	0.076674087827299				3	3	4	5	0
ENSG00000164221	CCDC112	-0.0944271141002926	-0.0064689255842303	0.9248	0.4238916786091988				5	5	5	5	0
ENSG00000213328	RP11-281O15.2	-1.3952751946609991	-0.5835948053871501	0.1629	0.0125569165977517				3	3	4	5	0
ENSG00000039139	DNAH5	-1.4746391965554912	-0.3564532434222306	0.1403	0.0352322182607092				2	2	2	5	0
ENSG00000213830	CFL1P5	1.88093126160029	1.830339046035231	0.05998	0.0021115661513108				3	3	3	5	0
ENSG00000254192	CTC-558O2.2	-0.5247585727604881	-0.0861970150845647	0.5998	0.0749436295513933				3	3	3	5	0
ENSG00000250848	CTD-2083E4.5	-1.9612891674041744	-2.8607929925649564	0.04985	0.0009405540611355				1	1	1	5	0
ENSG00000249109	RP11-1026M7.2	5.399758804204658	0.6820814387409063	6.673e-08	0.1228851411087582				6	6	7	5	1
ENSG00000271862	RP11-343L5.2	0.3871434628963471	3.752232026305885	0.6987	2.1433762159760965e-05				1	1	3	5	0
ENSG00000176087	SLC35A4	-2.4973817113066565	-1.5535966094364029	0.01251	0.0051668849599721				2	2	2	5	1
ENSG00000248734	CTD-2260A17.1	-3.746707201004028	-1.3267242955240253	0.0001792	0.0157970066407959				1	1	1	5	1
ENSG00000120705	ETF1	-0.0453890285060946	-0.0053419430184845	0.9638	0.127847621123041				6	6	9	5	0
ENSG00000249593	CTB-46B19.2	-0.5268010944427173	-0.1415887105646766	0.5983	0.0279752249976041				2	2	2	5	0
ENSG00000249352	LINC02198	-0.0344107924831836	-0.0036275587802878	0.9725	0.1842113551551207				5	5	7	5	0
ENSG00000113312	TTC1	0.5123969903980549	0.0687940120812572	0.6084	0.1114162507761142				3	3	3	5	0
ENSG00000123643	SLC36A1	-0.9067268678867704	-0.477047881886268	0.3646	0.0072518621274506				3	3	5	5	0
ENSG00000272417	CTD-2199O4.6	3.604564428329468	1.3315230057684475	0.0003127	0.014531133017278				2	2	3	5	1
ENSG00000169302	STK32A	2.9010980704639104	0.4401270686082412	0.003719	0.0880853467439417				8	8	8	5	1
ENSG00000170549	IRX1	0.0130453979726564	0.0037731921978746	0.9896	0.024012303910927				4	4	5	5	0
ENSG00000279923	CTD-2008E3.1	1.9356359243392949	0.7650915962718635	0.05291	0.0180798734888448				1	1	3	5	0
ENSG00000270225	MTCO2P22	-2.03822787581759	-2.2539736167018307	0.04153	0.0016364418998153				2	2	4	5	0
ENSG00000146090	RASGEF1C	-0.1136881560087204	-0.091643434633987	0.9095	0.0031004139607366				1	1	1	5	0
ENSG00000248222	CTB-174D11.1	7.881879329681396	1.1260907463962095	3.225e-15	0.0945963826137921				1	1	1	5	1
ENSG00000272416	CTD-2081C10.7	1.1761798858642578	0.4199303475485718	0.2395	0.0159948801037223				1	1	1	5	0
ENSG00000248489	LINC02062	-0.8532839244835141	-0.3293607452893302	0.3935	0.0135160057700508				4	4	8	5	0
ENSG00000202533	Y_RNA	1.826398253440857	6.177948798653111	0.06779	0.0001749837637551				1	1	1	5	1
ENSG00000256235	SMIM3	1.1234580278396606	0.2638356470194136	0.2612	0.0363786711061214				1	1	1	5	0
ENSG00000164325	TMEM174	-0.3343572318553924	-0.147973914967257	0.7381	0.0103007279719449				1	1	2	5	0
ENSG00000215156	RP11-1023L17.2	2.1932759284973145	0.2099799221500878	0.02829	0.220914200436739				1	1	1	5	0
ENSG00000072364	AFF4	-0.5038781692559826	-0.0790397990726135	0.6143	0.0816147137692065				3	3	5	5	0
ENSG00000164291	ARSK	1.0264998674392698	0.3732233579650025	0.3047	0.0151800982205735				1	1	2	5	0
ENSG00000169045	HNRNPH1	0.2067672345095496	0.0179718366275621	0.8362	0.2658926086034393				5	5	6	5	0
ENSG00000145780	FEM1C	-0.5946695409033966	-0.4114174479679482	0.5521	0.0042378418792504				2	2	2	5	0
ENSG00000197083	ZNF300P1	-1.2244047526767523	-0.6938179392679826	0.2208	0.006246076331302				3	3	3	5	0
ENSG00000164463	CREBRF	0.6975684982711564	0.0726768204816887	0.4854	0.185442737697776				6	6	6	5	0
ENSG00000113384	GOLPH3	-1.1469796895980833	-0.4079986926831984	0.2514	0.0159044272201468				2	2	2	5	0
ENSG00000113048	MRPS27	-9.88028281077526	-1.4805282255700354	5.069e-23	0.0840805362461371				5	5	7	5	1
ENSG00000272081	CTD-2376I4.2	-1.2802067931988077	-0.1350038356426862	0.2005	0.180346479236025				2	2	2	5	0
ENSG00000228212	OFD1P17	-1.1315516233444216	-1.702661466152586	0.2578	0.0008861066291908				1	1	1	5	0
ENSG00000248483	POU5F2	1.1913273739880943	0.0991451610112846	0.2335	0.2904808923538574				2	2	2	5	0
ENSG00000170214	ADRA1B	0.3320737884155946	0.1204070875730697	0.7398	0.0152780408546724				3	3	4	5	0
ENSG00000196923	PDLIM7	-0.0603548735380172	-0.0036469768291753	0.9519	0.550177683598487				1	1	1	5	0
ENSG00000250182	EEF1A1P13	-0.21325039961705	-0.0310452471118656	0.8311	0.0958364773790583				2	2	2	5	0
ENSG00000255622	PCDHB17P	-0.0033964877948164	-0.0009724605244438	0.9973	0.024498610018024				1	1	1	5	0
ENSG00000249751	ECSCR	0.2251636087894439	0.3740244406372425	0.8219	0.0007279887215969				1	1	1	5	0
ENSG00000181904	C5orf24	-5.2289494314214	-1.5240576126127996	1.705e-07	0.0240697728649335				2	2	4	5	1
ENSG00000255647	CTD-2373J6.2	1.4032878875732415	0.20808733192766	0.1605	0.098763395012965				1	1	1	5	0
ENSG00000164611	PTTG1	0.1028243354732921	0.0475213358876022	0.9181	0.0095891668846379				4	4	5	5	0
ENSG00000188573	FBLL1	1.622726291773161	1.6158987406015053	0.1046	0.0020809256167976				2	2	2	5	0
ENSG00000113441	LNPEP	0.2814177572727204	0.0186854689119184	0.7784	0.4556298926083842				2	2	4	5	0
ENSG00000226432	CTD-2015B23.2	-0.960247602086698	-0.3223964043853622	0.3369	0.0186297143434763				3	3	6	5	0
ENSG00000158458	NRG2	0.7692599892616272	0.2821764415117261	0.4417	0.0149210049435104				1	1	2	5	0
ENSG00000276547	PCDHGB5	1.577430508896649	0.1412430158839631	0.1147	0.2507935207616222				4	4	6	5	0
ENSG00000112902	SEMA5A	0.2081320236759931	0.0510421628737245	0.8351	0.0266283329398668				4	4	5	5	0
ENSG00000248445	SEMA6A-AS1	-0.2688501477241516	-0.1504498655686763	0.788	0.0066800872193218				1	1	1	5	0
ENSG00000120729	MYOT	-0.773747066765951	-0.2010260939146952	0.4391	0.0302990320944836				3	3	4	5	0
ENSG00000178338	ZNF354B	1.4051776875743884	0.3369592766026761	0.16	0.0361578542932494				3	3	3	5	0
ENSG00000247516	MIR4458HG	-0.7124784262194872	-0.1548163580614304	0.4762	0.042791401382417				5	5	5	5	0
ENSG00000249363	CTB-78O21.1	0.379276093265799	0.0339461199247456	0.7045	0.2508407538300483				7	7	9	5	0
ENSG00000224186	C5orf66	-1.4713925123214724	-4.8915389180839774	0.1412	0.0001813745103638				1	1	1	5	0
ENSG00000131187	F12	-0.2913609139752314	-0.0927172383473905	0.7708	0.0198614823377949				3	3	3	5	0
ENSG00000250629	RP11-122C5.3	1.0753926038742063	0.3565203484471765	0.2822	0.0182562684119754				1	1	1	5	0
ENSG00000235558	RP11-1198D22.1	-5.004236209234892	-0.5702353795061618	5.608e-07	0.1520861836582173				3	3	4	5	1
ENSG00000080709	KCNN2	1.4562911214354142	0.1632836649048075	0.1453	0.1600509100037779				3	3	3	5	0
ENSG00000164151	ICE1	0.4686224856185595	0.0408953831653825	0.6393	0.2657361977768148				8	8	8	5	0
ENSG00000131435	PDLIM4	-1.3447654247283936	-1.211312134421826	0.1787	0.0028957956594731				1	1	2	5	0
ENSG00000242110	AMACR	0.4070155212320884	0.1136290434647264	0.684	0.0257704783002725				2	2	2	5	0
ENSG00000164219	PGGT1B	-1.2559337615966797	-0.3383804867825946	0.2091	0.0276303057624409				1	1	1	5	0
ENSG00000204970	PCDHA1	-2.0879408907109367	-0.8340744847934439	0.0368	0.0125414953235252				2	2	3	5	0
ENSG00000152495	CAMK4	-2.301989785013657	-0.2372015592470782	0.02134	0.1888837134226862				6	6	6	5	1
ENSG00000135074	ADAM19	1.180308327058014	0.1163797103373613	0.2379	0.2170081045396754				5	5	5	5	0
ENSG00000261604	CTD-2636A23.2	0.8515729533556788	0.2330296635161075	0.3945	0.0273726998048936				2	2	3	5	0
ENSG00000248240	RP11-159F24.5	0.678627371788025	0.3288377003881386	0.4974	0.0085516745079519				1	1	1	5	0
ENSG00000272040	CTC-366B18.4	-0.9012055993080138	-0.0694015660711817	0.3675	0.3384588162042954				1	1	1	5	0
ENSG00000049883	PTCD2	-5.12198926372124	-0.5442243372557936	3.023e-07	0.1768088389977416				6	6	7	5	1
ENSG00000246763	RGMB-AS1	1.8552308999496685	0.7328510695017585	0.06356	0.0128561227438568				3	3	6	5	0
ENSG00000226306	NPY6R	1.1683168411254885	0.6377469027617458	0.2427	0.006732546923268				3	3	5	5	0
ENSG00000215158	RP11-1023L17.1	-1.3558151721954346	-0.2498299623337253	0.1752	0.0593764494795181				1	1	2	5	1
ENSG00000164211	STARD4	-2.9973309040069576	-1.18241231826877	0.002724	0.0127964012645386				1	1	1	5	0
ENSG00000161011	SQSTM1	-0.4468716461847554	-0.025580479412816	0.655	0.6180426697360587				6	6	7	5	0
ENSG00000112851	ERBIN	-0.1404024139234286	-0.0117078535610256	0.8883	0.288225835783072				5	5	5	5	0
ENSG00000215068	AC025171.1	-1.114009973038438	-0.4249226255972581	0.2653	0.01425842546944				3	3	3	5	0
ENSG00000272234	CTD-2325A15.5	-0.2613387931319042	-0.0591402734603923	0.7938	0.039214876125463				3	3	3	5	0
ENSG00000204767	FAM196B	-0.600773274898529	-0.6946376907652798	0.548	0.001502097878696				1	1	1	5	0
ENSG00000155545	MIER3	-4.6789584159851065	-0.6748025940817697	2.883e-06	0.0948470473514197				1	1	1	5	1
ENSG00000164331	ANKRA2	-0.7514470066214402	-0.1209517433837452	0.4524	0.0775268733942044				2	2	3	5	0
ENSG00000131711	MAP1B	0.8836337112121796	0.2544496819363614	0.3769	0.0243283976137024				2	2	3	5	0
ENSG00000164181	ELOVL7	-0.8060569763183595	-0.2950634725904528	0.4202	0.015029407827407				1	1	2	5	0
ENSG00000197043	ANXA6	0.3774636521868431	0.0772994858387471	0.7058	0.0479075971700389				5	5	5	5	0
ENSG00000146006	LRRTM2	2.404891346902409	1.165925902694574	0.01618	0.0087617108015496				2	2	2	5	0
ENSG00000172062	SMN1	2.1730590970545154	0.4644581274155832	0.02978	0.0437771568781373				3	3	4	5	1
ENSG00000082516	GEMIN5	1.44163712473173	0.4484179398523358	0.1494	0.0208406502920866				2	2	3	5	0
ENSG00000253439	CDC42P5	-0.7488240803497783	-0.2694705098200882	0.454	0.0155057921575172				2	2	4	5	0
ENSG00000047188	YTHDC2	-0.1787789531501781	-0.0245551236723849	0.8581	0.1059318292979878				4	4	4	5	0
ENSG00000145494	NDUFS6	0.5011314364128799	0.0232920978463795	0.6163	0.932108399152356				4	4	5	5	0
ENSG00000091009	RBM27	0.5287266446784715	0.1999593919364215	0.597	0.0141351155112401				2	2	2	5	0
ENSG00000245937	LINC01184	0.7654275298118592	0.226099463504974	0.444	0.0233126136725573				1	1	1	5	0
ENSG00000248677	LINC02102	0.4500768780708313	0.2540391727903076	0.6527	0.0063326059909545				1	1	1	5	0
ENSG00000183323	CCDC125	0.0118015364088699	0.0079148475835737	0.9906	0.0044680078315957				2	2	2	5	0
ENSG00000164326	CARTPT	-0.7076501832816758	-1.0621540907688685	0.4792	0.0008914583648594				2	2	2	5	1
ENSG00000270067	CTC-487M23.5	-0.0359979420900344	-0.0703177042702445	0.9713	0.0005348274670354				1	1	2	5	0
ENSG00000124279	FASTKD3	0.2816621359737886	0.0463883761485105	0.7782	0.0742865675342421				2	2	2	5	0
ENSG00000212643	ZRSR1	1.2307777404785156	2.1647014000520275	0.2184	0.0006488566219926				1	1	1	5	0
ENSG00000134970	TMED7	0.3906971832785808	0.070811478613688	0.696	0.0601818666230237				6	6	6	5	0
ENSG00000113494	PRLR	-1.1111977655318304	-0.4688491272027183	0.2665	0.0117419677121261				5	5	7	5	0
ENSG00000204677	FAM153C	1.1265213408603316	0.2552669958966433	0.2599	0.0390477275988927				3	3	3	5	1
ENSG00000112877	CEP72	1.1403492182220998	0.1320126582985443	0.2541	0.1510204031505659				3	3	4	5	0
ENSG00000250539	KRT8P33	-0.6174859898005346	-0.1405327125806121	0.5369	0.0387691463481319				2	2	3	5	0
ENSG00000092421	SEMA6A	0.1235704147872747	0.0129895651015901	0.9017	0.1876645001626021				7	7	10	5	0
ENSG00000232517	AC112198.1	0.1332944262686165	0.1935399266911286	0.894	0.0009498542018262				3	3	5	5	0
ENSG00000120327	PCDHB14	-0.0874614012125844	-0.0182162908912721	0.9303	0.045860745135861				4	4	4	5	0
ENSG00000262096	PCDHB19P	-0.7871394987187309	-0.1396347133567307	0.4312	0.0646545490654896				4	4	4	5	0
ENSG00000170571	EMB	-1.8160946637005129	-2.936910324701861	0.06936	0.0007835232495451				2	2	2	5	0
ENSG00000251257	CTD-2263F21.1	-0.3528245091438293	-0.0977627839996071	0.7242	0.0280754810695006				1	1	1	5	0
ENSG00000271714	CTD-2377O17.1	0.1495310286035549	0.0201940803275272	0.8811	0.1100861983739449				2	2	2	5	0
ENSG00000213585	VDAC1	-2.3837401866912846	-0.3421626739300598	0.01714	0.0970492224611341				1	1	2	5	1
ENSG00000271824	AC009014.3	-4.514972686767578	-14.866126720664363	6.332e-06	0.0001815508516083				2	2	2	5	1
ENSG00000197948	FCHSD1	0.2523656033496492	0.0125951929410326	0.8008	0.8161723215097166				6	6	9	5	0
ENSG00000237693	IRGM	0.2660386136208477	0.0170937989157751	0.7902	0.486760993304831				3	3	4	5	0
ENSG00000170624	SGCD	-1.6145527571023428	-0.3684420293907024	0.1064	0.0384881993929933				2	2	2	5	1
ENSG00000173930	SLCO4C1	-0.2087199110798843	-0.0321854345536118	0.8347	0.0850108389401293				4	4	6	5	0
ENSG00000164237	CMBL	0.2002436965703964	0.1480175521351671	0.8413	0.0036764251274163				1	1	1	5	0
ENSG00000145506	NKD2	-1.3171406554962626	-0.1418338163236826	0.1878	0.1756826723589361				5	5	5	5	0
ENSG00000131508	UBE2D2	0.4730184261847601	0.1141601589304789	0.6362	0.0344842334234876				2	2	2	5	0
ENSG00000237190	CDKN2AIPNL	0.0584525319526512	0.0052504098711427	0.9534	0.2489809542771629				2	2	2	5	0
ENSG00000131844	MCCC2	0.7369009851404996	0.1829050976530501	0.4612	0.0328044895089265				3	3	4	5	0
ENSG00000248610	HSPA8P4	-0.4664519977292251	-0.1661723823677369	0.6409	0.0159086123135753				2	2	2	5	0
ENSG00000271334	LINC02104	-0.9293166399002076	-0.5321122298260574	0.3527	0.0061220313092701				1	1	1	5	0
ENSG00000253522	MIR3142HG	0.7911168859924393	0.6203272523845061	0.4289	0.0032735974734402				3	3	4	5	0
ENSG00000248596	RP11-844P9.5	0.5025576024912096	0.1978546619922889	0.6153	0.0129576472914309				4	4	5	5	0
ENSG00000153044	CENPH	-0.502127550778193	-0.0172715348369574	0.6156	1.7043636473858368				2	2	4	5	0
ENSG00000155508	CNOT8	-0.6522189380015785	-0.074651544538208	0.5143	0.1544306351677702				4	4	4	5	0
ENSG00000049192	ADAMTS6	-0.765615492139401	-0.1554218107303854	0.4439	0.0489921585711399				4	4	4	5	0
ENSG00000186687	LYRM7	1.703331708908081	0.199287507135091	0.08851	0.3263396837700789				1	1	1	5	1
ENSG00000232615	CTD-2012J19.1	-0.4774098358458253	-0.0457415899517691	0.6331	0.2209874672447928				2	2	2	5	0
ENSG00000172239	PAIP1	0.4929682910442353	0.6744969909369521	0.622	0.0010958188503724				1	1	2	5	0
ENSG00000205464	ATP6AP1L	-0.3503324275139097	-0.1069946381874756	0.7261	0.0215601937234955				3	3	3	5	0
ENSG00000113387	SUB1	-1.1870193481445312	-0.7720385599534707	0.2352	0.0047476901754681				1	1	2	5	0
ENSG00000070814	TCOF1	-1.2648614645004277	-0.2826218376349667	0.2059	0.0403677431390628				1	1	1	5	0
ENSG00000249483	CTD-2249K22.1	1.6127837164997954	0.396181720710068	0.1068	0.0415373387486518				3	3	3	5	0
ENSG00000279118	RP11-517I3.2	1.6168345212936404	0.1352097806417866	0.1059	0.2930783093818852				1	1	1	5	0
ENSG00000272255	CTD-3224K15.3	-0.1708567958742985	-0.2720031864334453	0.8643	0.0007922184376142				4	4	4	5	0
ENSG00000250490	LINC02145	0.8380852638988063	0.0957022491936235	0.402	0.1556027473836988				3	3	3	5	0
ENSG00000164591	MYOZ3	0.3803924061461615	0.1388534010835673	0.7037	0.0150653122348203				3	3	4	5	0
ENSG00000251000	AC008592.3	7.003083834168791	1.0808126706473884	2.504e-12	0.0821735173242015				5	5	6	5	1
ENSG00000145868	FBXO38	1.2991009736030037	0.2034170525455964	0.1939	0.0817947563990777				2	2	3	5	0
ENSG00000078295	ADCY2	-4.868668737305674	-2.4582015914156043	1.124e-06	0.0077034235322059				4	4	7	5	1
ENSG00000113645	WWC1	0.8425015445095823	0.2768985537209378	0.3995	0.0186085150079346				4	4	4	5	0
ENSG00000241112	RPL29P14	-1.1874253393418226	-0.0762029175098706	0.2351	0.4901659598423864				3	3	6	5	0
ENSG00000164318	EGFLAM	-0.2405156484934212	-0.0967740681466572	0.8099	0.0124077921865499				3	3	3	5	1
ENSG00000142319	SLC6A3	0.8320417939243325	0.5310015778886643	0.4054	0.0049285725403967				3	3	4	5	1
ENSG00000248367	CTB-129O4.1	-0.2364106923341751	-0.1197807504567762	0.8131	0.0078249817055146				1	1	1	5	1
ENSG00000250909	RP11-843P14.2	-1.1031546592712402	-0.4066944792473284	0.27	0.0147767240334239				1	1	2	5	0
ENSG00000253767	PCDHGA8	0.0059349409071463	0.004884666430624	0.9953	0.0029524502863621				3	3	3	5	0
ENSG00000038427	VCAN	-1.0238123901567435	-0.1314527632541685	0.3059	0.1218350879387177				2	2	2	5	0
ENSG00000112983	BRD8	1.1540471221586093	0.289691180025363	0.2485	0.031837659879361				2	2	2	5	0
ENSG00000263597	MIR3936	-0.3125862777233124	-0.8376287034004736	0.7546	0.0002797336565437				1	1	2	5	0
ENSG00000071539	TRIP13	0.8546580711250898	0.1823905186261945	0.3927	0.0441168692351276				3	3	3	5	0
ENSG00000145824	CXCL14	-1.7337125539779663	-2.5946432343952583	0.08297	0.0008942066161899				1	1	1	5	1
ENSG00000198677	TTC37	1.4934523623479283	0.1078754650759803	0.1353	0.3885268842026882				7	7	8	5	0
ENSG00000272525	RP11-79P5.9	-0.1684210175316132	-0.0206602602602406	0.8663	0.1334729812940004				3	3	3	5	0
ENSG00000145734	BDP1	-0.189774973824099	-0.0400662222040137	0.8495	0.0482536288632597				4	4	5	5	0
ENSG00000249855	EEF1A1P19	-0.084423154592514	-0.0926413360888569	0.9327	0.001668232968193				1	1	4	5	0
ENSG00000153914	SREK1	0.1452683508396148	0.1069060862288354	0.8845	0.00371227234788				1	1	1	5	0
ENSG00000248648	RP11-485M7.1	0.6013909268026262	0.0678569518945496	0.5476	0.1577326293996082				2	2	2	5	0
ENSG00000239389	PCDHA13	-5.206827679466929	-0.3735085883872917	1.921e-07	0.3848179172443853				6	6	7	5	1
ENSG00000173210	ABLIM3	-0.7527937623866242	-0.0968617239133379	0.4516	0.1236183431514911				6	6	7	5	0
ENSG00000134516	DOCK2	-0.0481592844611596	-0.0108367208154909	0.9616	0.0394522481040888				4	4	4	5	0
ENSG00000253406	AC012613.2	-1.7023755311965945	-0.5526520467299938	0.08868	0.0190061933176519				1	1	2	5	0
ENSG00000197860	SGTB	-1.4184413513188143	-1.60668038304893	0.1561	0.0015710923443109				3	3	4	5	0
ENSG00000132570	PCBD2	-2.806424559311212	-2.408595594153006	0.005009	0.0027147288779278				2	2	2	5	1
ENSG00000271871	AC005740.6	0.4162270953083115	0.2348635695103307	0.6772	0.0063431280993522				4	4	5	5	0
ENSG00000113721	PDGFRB	0.4888597428798675	0.0899124772038533	0.6249	0.0595046268136465				1	1	3	5	0
ENSG00000113389	NPR3	0.4682539403438569	0.1381758726108968	0.6396	0.0231636284529786				1	1	1	5	0
ENSG00000086570	FAT2	-0.7408091812997962	-0.050146351204119	0.4588	0.4418867546151047				5	5	6	5	0
ENSG00000198865	CCDC152	-0.1588124139999142	-0.0106443909819969	0.8738	0.4440878246733947				6	6	6	5	0
ENSG00000177733	HNRNPA0	0.7875959329394883	0.0867014033275347	0.4309	0.1682053042176397				3	3	3	5	0
ENSG00000261757	AC005592.3	1.4575340132123094	1.2564715352280975	0.145	0.0026987478506803				5	5	5	5	0
ENSG00000271781	CTD-2589H19.6	-0.9977075119343686	-0.1993905214994697	0.3184	0.0502763388384687				5	5	5	5	0
ENSG00000172244	C5orf34	0.1840918006309001	0.0098427227609922	0.8539	0.7024926657210518				3	3	3	5	0
ENSG00000236882	LINC01554	-1.3676176030119764	-0.1849938970553363	0.1714	0.1103167075769782				5	5	5	5	0
ENSG00000189045	ANKDD1B	-3.03417444229126	-5.035642131637065	0.002412	0.0007226180235521				1	1	1	5	0
ENSG00000145536	ADAMTS16	-1.0436575100101928	-0.7884430504988295	0.2966	0.0036777728728787				2	2	2	5	0
ENSG00000243414	TICAM2	-0.2487334161996841	-0.0693037864388199	0.8036	0.0258873815092499				1	1	1	5	0
ENSG00000145819	ARHGAP26	0.0005149373078347	0.0002206740224621	0.9996	0.0699373800459115				2	2	2	5	0
ENSG00000164902	PHAX	-0.4465707838535309	-0.0332800940455641	0.6552	0.3616407283950833				1	1	1	5	0
ENSG00000112874	NUDT12	0.7050132155418396	0.1774524859121565	0.4808	0.0317724001691069				1	1	1	5	0
ENSG00000250891	LINC02208	-0.0597371272742748	-31.59870586905728	0.9524	7.179640899531658e-09				1	1	4	5	0
ENSG00000185372	OR2V1	6.801041018371946	0.5810743995568578	1.039e-11	0.2635946859180255				2	2	2	5	1
ENSG00000113732	ATP6V0E1	0.9457213760630866	0.2382422388487078	0.3443	0.031630196757065				2	2	2	5	0
ENSG00000120328	PCDHB12	-6.039845826923471	-2.1528169451905224	1.543e-09	0.0152699401063462				3	3	3	5	1
ENSG00000155329	ZCCHC10	0.7223765837838918	0.0708552513162357	0.4701	0.2098526224375168				5	5	6	5	0
ENSG00000164209	SLC25A46	0.5671533346176147	0.6021591899102461	0.5706	0.0017821303668759				1	1	1	5	0
ENSG00000134363	FST	0.3999979794025421	0.0391704315613296	0.6892	0.210328399941455				1	1	1	5	0
ENSG00000113649	TCERG1	1.1274511445849231	0.6046472214881418	0.2596	0.006980805735276				2	2	3	5	0
ENSG00000271849	CTC-332L22.1	-1.7342099013667442	-0.2669981139558037	0.08288	0.0847172698255267				3	3	3	5	0
ENSG00000152359	POC5	-1.2721335256359685	-0.3039016402985871	0.2033	0.0351646890885587				3	3	4	5	0
ENSG00000248925	CTD-2083E4.6	3.611966371536255	3.801837361165034	0.0003039	0.001807688868651				1	1	1	5	1
ENSG00000153037	SRP19	-3.123098730905211	-0.1927635542050305	0.00179	0.5240886783451736				6	6	7	5	1
ENSG00000244921	MTCYBP18	8.091325833318846	0.4643212660775493	5.902e-16	0.5737078146914909				3	3	3	5	1
ENSG00000072803	FBXW11	0.0351405092927088	0.0026332884763386	0.972	0.3737365347946386				3	3	3	5	0
ENSG00000251050	RP11-168A11.4	-0.8004547110406975	-0.0888419715010754	0.4234	0.1636786595956197				2	2	2	5	0
ENSG00000250427	LINC02148	0.4946361184120179	0.5459939147758023	0.6209	0.0016607756370538				1	1	1	5	0
ENSG00000279130	RP11-278J6.4	-1.4154031119154231	-0.1169667588127668	0.157	0.2944602933143172				6	6	6	5	0
ENSG00000085365	SCAMP1	-0.3631993234157563	-0.1726835465806921	0.7165	0.0088854747104162				1	1	1	5	0
ENSG00000160883	HK3	-11.198331007704194	-1.426225195605039	4.155e-29	0.1131083270749208				8	8	8	5	1
ENSG00000120329	SLC25A2	0.5047432580922548	0.0815328681984711	0.6137	0.0769647733472588				3	3	5	5	0
ENSG00000133398	MED10	-1.751464128494263	-0.2874083242749663	0.07987	0.0743729690340096				1	1	1	5	0
ENSG00000249637	CTC-329D1.2	0.9875391142031638	0.7393815426970378	0.3234	0.0035808847858661				4	4	5	5	0
ENSG00000272112	CTB-113P19.5	-0.6419217586517334	-0.1943649387172945	0.5209	0.0219391604335761				1	1	1	5	0
ENSG00000120322	PCDHB8	-0.3773708939552307	-0.3096286460936153	0.7059	0.0029836263745121				1	1	2	5	0
ENSG00000113212	PCDHB7	-0.97717700064424	-0.0695344040036376	0.3285	0.3941766458373167				6	6	6	5	0
ENSG00000113248	PCDHB15	-1.123206118655894	-0.1730568353555693	0.2613	0.084516842030956				2	2	3	5	0
ENSG00000272370	RP11-307L14.1	-0.52984458103097	-0.0740650531163377	0.5962	0.1035201191617838				2	2	2	5	0
ENSG00000272459	RP11-1277A3.3	-0.4200952257625991	-0.0306516416285861	0.6744	0.3772821653728779				2	2	2	5	0
ENSG00000234284	ZNF879	1.4868402481079102	0.1332106338197301	0.1371	0.2497089035568371				2	2	3	5	1
ENSG00000248996	RP11-1334A24.6	-0.67016565410678	-0.0569779631225213	0.5028	0.277789135300228				5	5	7	5	0
ENSG00000154122	ANKH	1.2589559754226292	0.2571195952319723	0.208	0.0482427434541955				2	2	3	5	0
ENSG00000164284	GRPEL2	0.1590027690447257	0.0461869279789349	0.8737	0.0238067275878243				2	2	2	5	0
ENSG00000251613	CTC-347C20.1	-1.8578183162104485	-0.2491628462109621	0.06319	0.1119018129593851				4	4	6	5	1
ENSG00000146013	GFRA3	-7.030852794647216	-3.6066371611260895	2.053e-12	0.0072671163437581				1	1	1	5	1
ENSG00000249947	XBP1P1	0.9504276514053344	0.3659801830942608	0.3419	0.0135356749016228				1	1	1	5	0
ENSG00000172869	DMXL1	0.1999262764257369	0.0154465156269675	0.8415	0.3378518177167785				5	5	6	5	0
ENSG00000229119	CTB-63M22.1	-1.0705206394195554	-0.3807890726485933	0.2844	0.0159123793645401				1	1	1	5	0
ENSG00000164236	ANKRD33B	-1.9341222047805784	-0.5266385588011037	0.0531	0.0269934838857605				1	1	1	5	0
ENSG00000251532	CTD-2245E15.3	-3.347303897370079	-5.32156009827377	0.000816	0.000789445059927				3	3	6	5	1
ENSG00000248383	PCDHAC1	2.0059273242950435	0.175452184997576	0.04486	0.2637298934633298				1	1	1	5	0
ENSG00000253959	LINC01863	-0.4482574328670886	-0.2497550022791964	0.654	0.0064944742105105				3	3	5	5	0
ENSG00000250222	CTC-338M12.5	-0.7321068636546623	-0.1418413760797514	0.4641	0.0534839766591545				2	2	4	5	0
ENSG00000184349	EFNA5	-0.7536096190357447	-0.0626946718713149	0.4511	0.2883034114794802				2	2	3	5	0
ENSG00000152669	CCNO	0.3744440078735351	0.5653066152932346	0.7081	0.0008831291370443				1	1	1	5	0
ENSG00000131437	KIF3A	-0.0273568661254874	-0.0017613447657121	0.9782	0.5171295117202294				6	6	6	5	0
ENSG00000249736	RP11-83M16.5	0.3331740878947203	0.0229048556103953	0.739	0.4250007794866079				3	3	3	5	0
ENSG00000277795	AC005752.10	-0.6899568882188613	-0.2201100326426066	0.4902	0.0197843282501011				4	4	6	5	1
ENSG00000253869	PIGFP1	0.2375595403601887	0.0323047570858036	0.8122	0.1296325675729139				2	2	3	5	0
ENSG00000145882	PCYOX1L	0.904228985309601	0.4662985331102996	0.3659	0.0078490290923124				1	1	1	5	1
ENSG00000253618	GRPEL2-AS1	0.9215414865230852	0.5641159505627092	0.3568	0.005439018605087				2	2	2	5	0
ENSG00000198624	CCDC69	-1.3640875816345217	-1.4424018498073252	0.1725	0.0017932931076481				1	1	1	5	1
ENSG00000062194	GPBP1	1.0038456916809044	0.3888913267898074	0.3155	0.01340430424365				2	2	4	5	0
ENSG00000246422	CTD-2024I7.13	-1.5130159364174112	-1.0942545686691056	0.1303	0.0038188279304414				3	3	4	5	0
ENSG00000250320	CTD-2269F5.1	1.0313620985642165	0.3425491596940603	0.3024	0.0182767478315878				2	2	2	5	0
ENSG00000146007	ZMAT2	0.3434528592899261	0.1647883358490658	0.7313	0.0087252664894269				3	3	3	5	0
ENSG00000204758	CTC-308K20.1	0.2917865157806855	0.1679784231320333	0.7704	0.0060592498863477				4	4	4	5	0
ENSG00000198944	SOWAHA	-0.0461483142231057	-0.0254009084409079	0.9632	0.006604601944196				6	6	6	5	0
ENSG00000271918	CTD-2287O16.5	0.2933722700849898	0.0530355819898075	0.7692	0.0614549252785487				2	2	2	5	0
ENSG00000113722	CDX1	-0.184838131070137	-0.1693395631508847	0.8534	0.0023933316907228				1	1	1	5	0
ENSG00000251667	BRCC3P1	13.329359322317066	0.67248683168399	1.562e-40	0.6672075089106456				3	3	4	5	1
ENSG00000122012	SV2C	0.4482606106833052	0.0816842614694272	0.654	0.0608378487402538				5	5	6	5	0
ENSG00000213347	MXD3	-1.6041175190602368	-0.1594362923979927	0.1087	0.2031306444202544				4	4	5	5	0
ENSG00000161010	MRNIP	0.8565935210662884	0.8206749964199916	0.3917	0.0021874162913799				6	6	8	5	0
ENSG00000246323	RP11-325L7.1	0.6697016358375548	0.6636710141682061	0.503	0.002058369820545				1	1	2	5	1
ENSG00000145833	DDX46	-1.456896189276173	-0.087151250279182	0.1451	0.5602025438938444				4	4	5	5	0
ENSG00000205838	TTC23L	0.8009296106616443	0.0916393908918657	0.4232	0.1536317156185854				5	5	5	5	0
ENSG00000204928	GRXCR2	-1.4742399454116824	-0.1529335701879478	0.1404	0.2000795901973814				1	1	1	5	0
ENSG00000233006	AC034220.3	-0.0045653241580743	-0.0006366373997757	0.9964	0.1032869062787539				2	2	4	5	0
ENSG00000168938	PPIC	0.2516507804393768	0.054134553639079	0.8013	0.0435134240184394				1	1	1	5	0
ENSG00000087206	UIMC1	-0.5366067612764199	-0.0428172509735975	0.5915	0.3157597332811024				7	7	7	5	0
ENSG00000253163	RP11-443C10.1	-1.4966705892699483	-3.075030672251986	0.1345	0.0004781651068403				4	4	5	5	0
ENSG00000113407	TARS	-0.4952171151484355	-0.1002021611902628	0.6204	0.04923793755995				2	2	3	5	0
ENSG00000253683	CTB-79E8.3	-0.6738259196281433	-0.0751550072099583	0.5004	0.1614110674515212				1	1	1	5	0
ENSG00000197536	C5orf56	2.108388418670136	0.2459132222072739	0.035	0.2072772042393705				3	3	5	5	0
ENSG00000250859	HNRNPKP1	1.6886501115067645	0.6832925767033344	0.09129	0.0122362497234219				3	3	4	5	0
ENSG00000176857	GJA1P1	2.757706556109704	1.3602065955004554	0.005821	0.0082135700983648				2	2	3	5	1
ENSG00000172548	NIPAL4	-0.212133989694374	-0.0151824907979618	0.832	0.4017088131159195				4	4	4	5	0
ENSG00000241809	CTD-2207L17.1	0.286817580461502	0.3158728036613358	0.7743	0.0017406564534906				1	1	1	5	0
ENSG00000186314	PRELID2	0.0725797145028021	0.0333026420187614	0.9421	0.0097658115800283				2	2	2	5	0
ENSG00000250056	LINC01018	-0.1403148130270583	-0.0557239692559899	0.8884	0.0127668264666588				5	5	8	5	0
ENSG00000132911	NMUR2	-1.799568967896354	-0.9021345385538736	0.07193	0.0079677674801945				2	2	3	5	0
ENSG00000132842	AP3B1	0.8410587906837462	0.100617028924347	0.4003	0.1402658398901694				1	1	1	5	0
ENSG00000261360	CTD-2165H16.4	-1.1049131314884957	-0.1361168139543879	0.2692	0.1325105523846724				9	9	11	5	0
ENSG00000272308	RP11-231G3.1	7.487437303816879	2.074242856759797	7.023e-14	0.0256029575387644				2	2	4	5	1
ENSG00000113552	GNPDA1	-1.155951499938965	-2.0930806161511875	0.2477	0.0006134339017565				1	1	5	5	0
ENSG00000050767	COL23A1	-1.3482044915586056	-0.7770981359962893	0.1776	0.0060375550668691				2	2	4	5	0
ENSG00000241907	RPS20P4	0.3187201484224448	0.0387853330340568	0.7499	0.1359357033656307				2	2	2	5	0
ENSG00000246214	RP11-260E18.1	-0.6173994104682059	-0.3047184813268648	0.537	0.0082428896438428				3	3	3	5	0
ENSG00000113205	PCDHB3	0.4588277624570094	0.0334995603843623	0.6464	0.3796120178780028				6	6	7	5	0
ENSG00000250461	RP11-631M6.2	-2.0031281298231494	-0.6767690277859476	0.04516	0.0175557976547973				2	2	2	5	0
ENSG00000270021	CTC-203F4.2	5.2299108505249015	0.4316250256148092	1.696e-07	0.2885198618374879				1	1	3	5	1
ENSG00000112992	NNT	-12.639228098823889	-5.449980898936009	1.2830000000000001e-36	0.0093309511916607				2	2	4	5	1
ENSG00000272347	RP11-43F13.4	-7.701079704280424	-1.487909328340872	1.349e-14	0.0512716530572598				4	4	5	5	1
ENSG00000164329	PAPD4	0.4308753609657288	0.2285666038531031	0.6666	0.007137498283767				1	1	1	5	0
ENSG00000113272	THG1L	1.0167110323409465	0.2543050952447302	0.3093	0.0321940504713611				4	4	5	5	0
ENSG00000169223	LMAN2	-0.9877504222872786	-0.0995026586675067	0.3233	0.2054544780368609				2	2	2	5	0
ENSG00000204956	PCDHGA1	-3.745080846581892	-1.7019791962340407	0.0001803	0.0096090767261669				2	2	4	5	1
ENSG00000177721	ANXA2R	-1.0606807470321653	-0.6659700009480168	0.2888	0.0052265745503744				1	1	1	5	0
ENSG00000164308	ERAP2	-0.7542585134506227	-0.0949857263841839	0.4507	0.1267560346119045				1	1	2	5	0
ENSG00000164176	EDIL3	-0.065232618995949	-0.0049008971355937	0.948	0.3582473145679216				2	2	2	5	0
ENSG00000113319	RASGRF2	0.2840800881385801	0.2379378552475352	0.7763	0.0028633353327264				3	3	5	5	0
ENSG00000113396	SLC27A6	0.5996390539418959	0.1158141080571903	0.5487	0.0538330184654504				3	3	3	5	0
ENSG00000272021	AC008592.8	8.753556316522058	0.9308914446194652	2.067e-18	0.1677967903336856				4	4	4	5	1
ENSG00000113569	NUP155	0.7378220486624864	0.108357905068055	0.4606	0.0930729744383308				4	4	6	5	0
ENSG00000248994	RP11-259O2.1	0.4063686276713831	0.5552925038424531	0.6845	0.0011122455744563				5	5	5	5	0
ENSG00000246859	STARD4-AS1	-1.0889625852071818	-0.0904587201076662	0.2762	0.2930518137175504				7	7	7	5	0
ENSG00000251307	RP11-506H20.1	2.701993942260742	0.7736292976200773	0.006893	0.0243261087255037				2	2	3	5	1
ENSG00000154124	OTULIN	-5.536579638298851	-0.7745375001245705	3.084e-08	0.1008497296712545				3	3	3	5	1
ENSG00000113734	BNIP1	0.0790574103092469	0.0078105247685879	0.937	0.2066605203722641				4	4	6	5	0
ENSG00000198868	MTND4LP30	-0.8946644117501337	-0.1371248053726643	0.371	0.0854446357495274				4	4	5	5	0
ENSG00000215246	RP11-43F13.3	-4.826929569244385	-0.4286579859821808	1.387e-06	0.2488508521679871				1	1	2	5	1
ENSG00000249158	PCDHA11	0.0305919032543772	0.2653396246930646	0.9756	2.670204999405138e-05				2	2	4	5	0
ENSG00000281357	ARRDC3-AS1	-2.266894102096558	-0.1562594519618435	0.0234	0.420612308692357				1	1	1	5	1
ENSG00000253686	LINC01484	0.614978118467139	0.1481367725806922	0.5386	0.034611636178055				5	5	5	5	0
ENSG00000113742	CPEB4	-0.6678536534309387	-0.2425002654409319	0.5042	0.0153849864780604				1	1	1	5	0
ENSG00000182230	FAM153B	-0.2635158773741726	-0.0373929555423702	0.7922	0.0996777987484154				6	6	6	5	0
ENSG00000240729	CTD-2301A4.3	-1.466441631317139	-0.1121702064873215	0.1425	0.3545256670348009				1	1	1	5	1
ENSG00000233974	RP11-823P9.3	0.9209586977958678	0.3242522070948114	0.3571	0.0171180570647318				1	1	1	5	0
ENSG00000073578	SDHA	-1.062476640509008	-0.7400131499084561	0.288	0.0041430708457498				2	2	2	5	0
ENSG00000170482	SLC23A1	0.0039774461602216	0.0004882950868835	0.9968	0.134538722635964				3	3	4	5	0
ENSG00000240764	PCDHGC5	-0.4903792308439564	-0.2868428998512131	0.6239	0.0058770557161503				2	2	2	5	0
ENSG00000164294	GPX8	-0.4725685715675354	-0.0977675624796954	0.6365	0.0469238715569229				1	1	2	5	0
ENSG00000279883	CTD-2315M5.2	0.9166234135627748	0.7541420215149682	0.3593	0.0029652390910239				1	1	1	5	0
ENSG00000164366	CCDC127	0.0517679098640552	0.0084223115358391	0.9587	0.0758952746939794				4	4	4	5	0
ENSG00000113583	C5orf15	1.2973503636407202	0.1378182842101089	0.1945	0.1837474762199405				2	2	5	5	0
ENSG00000178015	GPR150	-0.3419426627856383	-0.068893049947268	0.7324	0.0496708360270275				8	8	9	5	0
ENSG00000183474	GTF2H2C	-3.06999683380127	-0.8799039114589856	0.002141	0.0242240931160722				1	1	1	5	1
ENSG00000249180	CTC-506B8.1	-1.4494387767850732	-1.5873033502529672	0.1472	0.0016742908745451				3	3	4	5	0
ENSG00000245146	LINC01024	0.1885315328836441	0.0664795309234864	0.8505	0.0207658010763798				1	1	3	5	0
ENSG00000164258	NDUFS4	-0.1508816178071982	-0.0366664109175957	0.8801	0.0341860643067709				3	3	4	5	0
ENSG00000271926	CTD-2376I4.1	-0.39701232890891	-0.0593026250554559	0.6914	0.0901428247652124				3	3	3	5	0
ENSG00000145919	BOD1	-2.129760503768921	-0.8337597490707901	0.03319	0.0130481827418305				2	2	3	5	0
ENSG00000146054	TRIM7	1.838484764099121	5.231470370305437	0.06599	0.0002472579354637				1	1	2	5	0
ENSG00000016082	ISL1	0.4339661896228791	0.4578302969271029	0.6643	0.0019055383194105				1	1	1	5	0
ENSG00000250900	CTC-338M12.6	1.494016929853458	0.8017895382565223	0.1352	0.006961027265987				4	4	6	5	1
ENSG00000164265	SCGB3A2	0.6376695950418231	0.0596296310197736	0.5237	0.231815529332403				7	7	9	5	0
ENSG00000145920	CPLX2	4.1519861221313485	48.94664260441434	3.296e-05	1.4207352718434316e-05				1	1	3	5	1
ENSG00000260871	CTD-2373J6.1	-1.7576747372464177	-0.2848923041378715	0.0788	0.0770083898838829				2	2	2	5	0
ENSG00000250482	DUX4L51	0.743086904468963	0.1153573992907843	0.4574	0.0839173044517688				3	3	3	5	0
ENSG00000169131	ZNF354A	-0.1785213446188989	-0.0236078842680748	0.8583	0.1192421440205561				4	4	4	5	0
ENSG00000245711	NADK2-AS1	-7.05200433731079	-1.8279691623786125	1.764e-12	0.0285368147115816				1	1	3	5	1
ENSG00000113356	POLR3G	0.6970528531419847	0.0435794202286431	0.4858	0.5246893403724184				4	4	5	5	0
ENSG00000145592	RPL37	0.3646470800210311	0.0412688068656661	0.7154	0.1652607445356011				3	3	3	5	1
ENSG00000272382	CTD-2035E11.4	-0.6330821574375208	-0.0980024810690014	0.5267	0.0855609654762891				5	5	5	5	0
ENSG00000172795	DCP2	-0.4655210605536313	-0.1112893761578743	0.6416	0.0378455501403015				3	3	3	5	0
ENSG00000184347	SLIT3	-1.591115843206071	-0.2438682573332865	0.1116	0.0853584169088394				5	5	5	5	0
ENSG00000250155	CTD-2353F22.1	-0.9094896856738236	-0.0914248040829082	0.3631	0.1982963325280085				8	8	9	5	0
ENSG00000261269	RP11-389C8.2	0.7419503304528203	0.0645087230483245	0.4581	0.2684707599949307				6	6	7	5	0
ENSG00000153113	CAST	-4.539369866047115	-0.6855441952456591	5.642e-06	0.0871207120558872				5	5	5	5	1
ENSG00000176783	RUFY1	1.6416484064363994	0.2405700367439389	0.1007	0.0932010682866109				6	6	7	5	0
ENSG00000169230	PRELID1	-0.8189999829889325	-0.0867168680525848	0.4128	0.1792188044285261				5	5	5	5	0
ENSG00000145901	TNIP1	-2.2758082475783468	-0.9776750637086564	0.02286	0.0108183626976682				2	2	3	5	0
ENSG00000248092	NNT-AS1	-1.8737462117379	-0.2236129531042756	0.06097	0.1406948702230016				7	7	10	5	0
ENSG00000113088	GZMK	-0.829316809414299	-0.1066061430266805	0.4069	0.1214851722860034				3	3	3	5	0
ENSG00000251593	MSNP1	-1.7742130755564864	-9.832650268587686	0.07603	6.541348204668461e-05				2	2	4	5	0
ENSG00000253873	PCDHGA11	1.4967012405395508	0.4176509341493816	0.1345	0.0257403997065375				1	1	1	5	1
ENSG00000134058	CDK7	3.6531577185450383	0.2215873489766513	0.000259	0.5422899021400106				3	3	3	5	1
ENSG00000164197	RNF180	-0.3293680493822258	-0.2983091960113501	0.7419	0.0024593170569488				2	2	2	5	0
ENSG00000278921	EPB41L4A-AS2	-1.669774868647052	-0.1175439656138145	0.09496	0.4042495587746926				2	2	2	5	0
ENSG00000245556	SCAMP1-AS1	-0.6205468976306654	-0.2701561637172937	0.5349	0.0105800404305253				5	5	6	5	0
ENSG00000164398	ACSL6	-1.5004069805145264	-0.3406850511678776	0.1335	0.0388759506967345				1	1	1	5	0
ENSG00000225138	CTD-2228K2.7	-0.2241167490749293	-0.0626189948367284	0.8227	0.0260382484219804				4	4	5	5	0
ENSG00000262209	PCDHGB3	1.2059668616628618	0.3123243118158074	0.2278	0.0299100349823335				4	4	5	5	0
ENSG00000113211	PCDHB6	-12.359856444081428	-0.7995806802395731	4.309e-35	0.4193384398800925				3	3	5	5	1
ENSG00000242814	RP11-436H11.1	0.7297648061594109	0.0800494361358629	0.4655	0.1688786095538166				4	4	4	5	0
ENSG00000243859	RPL5P17	0.8959695696830748	0.4163546853348006	0.3703	0.0098511429736623				1	1	1	5	0
ENSG00000113296	THBS4	0.175831913948059	0.026071835778129	0.8604	0.0918725362130083				1	1	1	5	0
ENSG00000182700	IGIP	-0.7366484849278317	-0.0708120917762379	0.4613	0.217445623865496				4	4	4	5	0
ENSG00000251330	CTD-2283N19.1	-0.8139582324629253	-0.1607289406221515	0.4157	0.0510063323298979				4	4	5	5	0
ENSG00000176928	GCNT4	-0.0827524904298933	-0.0126526574334684	0.934	0.0864355384383277				4	4	4	5	0
ENSG00000120314	WDR55	0.9580689072608948	1.1334774875246565	0.338	0.0014338977740466				1	1	1	5	0
ENSG00000197451	HNRNPAB	0.3261604011058807	0.0454942908973638	0.7443	0.103469942535626				1	1	1	5	0
ENSG00000146094	DOK3	-0.5737580079324983	-0.0762521870624336	0.5661	0.1132099916223468				10	10	11	5	0
ENSG00000131495	NDUFA2	-1.2968000173568726	-0.2066603338178482	0.1947	0.0789677843031061				2	2	3	5	0
ENSG00000169258	GPRIN1	0.2228965759277343	0.0513218562814413	0.8236	0.0378905466550122				1	1	1	5	0
ENSG00000249293	CTC-575I10.1	-0.8582834193428074	-0.0908001919803333	0.3907	0.1794603472354757				3	3	3	5	0
ENSG00000127022	CANX	1.0769215667586614	0.1318326735391237	0.2815	0.1340926122501047				2	2	3	5	0
ENSG00000131503	ANKHD1	-0.5567767024040222	-0.1984389369350367	0.5777	0.0158097926254179				1	1	1	5	0
ENSG00000145715	RASA1	2.3874907941676464	0.6689240595074315	0.01696	0.0258328488074003				2	2	2	5	1
ENSG00000173545	ZNF622	-9.49419275804622	-0.5356308229724871	2.219e-21	0.6025918330622192				6	6	7	5	1
ENSG00000204628	RACK1	-0.7506904006004333	-0.077647114395904	0.4528	0.1876616701645543				1	1	1	5	0
ENSG00000172901	LVRN	0.0375725221870705	0.0067126895182357	0.97	0.0668055621319801				3	3	4	5	0
ENSG00000169220	RGS14	-0.449101276038611	-0.151604487157973	0.6534	0.0176491076983714				5	5	7	5	1
ENSG00000145685	LHFPL2	1.1468176841735842	0.0851768278732285	0.2515	0.3639610390768076				1	1	1	5	0
ENSG00000251169	LINC01843	0.6906533840511115	0.0654526180776397	0.4898	0.2235683964706017				2	2	2	5	0
ENSG00000253417	LINC02159	1.993683934211731	0.2140222875796008	0.04619	0.1736252186300081				1	1	1	5	0
ENSG00000174695	TMEM167A	0.3359892594115012	0.0574617472704806	0.7369	0.0695339063804487				4	4	5	5	0
ENSG00000067113	PLPP1	1.7712111473083496	0.9703309852312862	0.07653	0.0066724600615864				1	1	1	5	0
ENSG00000248464	FGF10-AS1	2.8908951950458177	0.2191470881043684	0.003841	0.3479827488453156				14	14	14	5	0
ENSG00000251682	RP11-631M6.3	-1.5431226421083166	-0.542918755736222	0.1228	0.0163621329255894				2	2	2	5	0
ENSG00000272144	CTD-2035E11.5	-1.325317144393921	-0.224137315469518	0.1851	0.0729005476899712				1	1	2	5	0
ENSG00000185641	CTD-2287O16.1	11.977895910078308	0.8043043755036882	4.6389999999999996e-33	0.3972616864099483				8	8	9	5	1
ENSG00000151292	CSNK1G3	0.1432550038723326	0.0063853484612965	0.8861	1.0409142880949456				6	6	6	5	0
ENSG00000145703	IQGAP2	-1.0611274242401123	-0.8380119931548585	0.2886	0.0032186638606931				1	1	1	5	0
ENSG00000120708	TGFBI	2.068122625350952	0.5356069468918447	0.03863	0.029822683615823				1	1	1	5	0
ENSG00000113594	LIFR	-0.4604155123233795	-0.367970269106572	0.6452	0.0031478063929802				1	1	1	5	0
ENSG00000234553	AC022431.3	-1.9176121950149527	-0.362225855067935	0.05516	0.0560934029505035				2	2	2	5	0
ENSG00000259802	CTD-2256P15.2	-7.96445608139038	-1.61357061564593	1.66e-15	0.045950596645374				1	1	2	5	1
ENSG00000253731	PCDHGA6	3.8160791397094944	1.136506262183123	0.0001356	0.0223543562753238				2	2	4	5	1
ENSG00000177034	MTX3	1.4003046477542325	1.4696702781825997	0.1614	0.0018291147936007				3	3	5	5	0
ENSG00000170458	CD14	-1.2959826630856734	-0.0950038803259114	0.195	0.3731871220325711				4	4	4	5	0
ENSG00000164171	ITGA2	0.4506067633628846	0.1311830277430779	0.6523	0.0253648826879122				1	1	2	5	0
ENSG00000152939	MARVELD2	0.4417957663536072	0.27222451502533	0.6586	0.0053042227897481				1	1	1	5	0
ENSG00000146067	FAM193B	0.4183370006269193	0.0766806407405988	0.6757	0.0598191749802248				3	3	3	5	0
ENSG00000164309	CMYA5	1.0902273654937742	0.3725812469633178	0.2756	0.0171799245142977				2	2	2	5	0
ENSG00000145740	SLC30A5	0.2753747560230917	0.0800593101187375	0.783	0.023791705247644				4	4	5	5	0
ENSG00000280161	CTC-205M6.1	2.202047016169073	0.0936393527650768	0.02766	1.106520080107105				9	9	9	5	0
ENSG00000164266	SPINK1	2.3375782892925856	0.7428604924600389	0.01941	0.019857664943769				2	2	4	5	0
ENSG00000174705	SH3PXD2B	0.1731633841991424	0.028437352697401	0.8625	0.0752901511162317				1	1	1	5	0
ENSG00000064651	SLC12A2	-1.6268321160025556	-0.2615650286019547	0.1038	0.078184693161674				8	8	11	5	0
ENSG00000043143	JADE2	0.1986668523744698	0.0683285098102172	0.8425	0.0169794596784832				3	3	3	5	0
ENSG00000213523	SRA1	-10.630519169527476	-2.2584717929164846	2.149e-26	0.039836414523167				2	2	4	5	1
ENSG00000082068	WDR70	1.3469355106353762	0.8675175364998122	0.178	0.004843289180386				1	1	1	5	0
ENSG00000271119	CTD-2012J19.3	1.6548447608947752	1.923462587573853	0.09796	0.0014828654924546				2	2	3	5	0
ENSG00000112893	MAN2A1	-0.8111195564270021	-6.423163205596185	0.4173	4.1181209911958506e-05				1	1	3	5	0
ENSG00000152931	PART1	1.4104557355349356	0.3834884960301586	0.1584	0.0275232763855527				2	2	3	5	0
ENSG00000161055	SCGB3A1	-1.8877032995224	-0.7969022540752968	0.05907	0.0112472572159335				1	1	1	5	0
ENSG00000164188	RANBP3L	-9.882307177175289	-0.9082249284349864	4.968e-23	0.2235506097088847				7	7	8	5	1
ENSG00000251634	RP11-1280N14.3	-0.135368954687062	-0.010298374489254	0.8923	0.3469625577058131				2	2	2	5	0
ENSG00000035499	DEPDC1B	-0.4381994382207141	-0.0791484612795263	0.6612	0.0616498056180856				3	3	3	5	0
ENSG00000048162	NOP16	-0.9706913714614752	-0.1965470340870432	0.3317	0.049011817089314				2	2	2	5	0
ENSG00000234292	RP11-213H15.1	0.3725841045379638	0.0803860580950797	0.7095	0.0431962163916822				1	1	3	5	0
ENSG00000248874	C5orf17	-0.702973183796052	-0.0718610982943636	0.4821	0.1932769483550754				3	3	3	5	0
ENSG00000188725	SMIM15	-11.473148664905109	-0.9880631496408324	1.8e-30	0.2429462460760299				2	2	2	5	1
ENSG00000251221	LINC01337	-0.1859614899634918	-0.0739254111180754	0.8525	0.0127431090172107				2	2	3	5	0
ENSG00000113621	TXNDC15	-0.3792154456379707	-0.2521527215279214	0.7045	0.0045429682311626				3	3	3	5	0
ENSG00000207129	RNA5SP187	0.2173380346514576	0.0299510179815062	0.8279	0.1064817642635013				4	4	5	5	0
ENSG00000255408	PCDHA3	-0.2815990149974822	-0.3049436990942905	0.7783	0.0017144083404307				1	1	2	5	0
ENSG00000248309	MEF2C-AS1	-1.0682339668273926	-1.8486550923600715	0.2854	0.0006699989435958				1	1	1	5	0
ENSG00000174132	FAM174A	-1.3966643891468633	-0.6450194532734813	0.1625	0.0094447090878166				3	3	4	5	0
ENSG00000248103	CTC-338M12.9	0.3656691014766692	0.129355098373617	0.7146	0.0160510125117344				2	2	4	5	0
ENSG00000249035	CTB-113P19.1	-1.346448302268982	-2.0658496262083403	0.1782	0.0008584770341199				1	1	1	5	1
ENSG00000127743	IL17B	-0.129247588516412	-0.0429331715696118	0.8972	0.0182000272771794				3	3	5	5	0
ENSG00000263432	RN7SL689P	-1.989031791687012	-9.867698750794192	0.0467	8.129748474150157e-05				1	1	2	5	1
ENSG00000145779	TNFAIP8	1.8811398744583128	0.2668750821100598	0.05995	0.0994560848484172				1	1	1	5	0
ENSG00000069020	MAST4	-0.1749639064073563	-0.0200568048549905	0.8611	0.2130164233871441				1	1	1	5	0
ENSG00000113240	CLK4	-1.388296366298326	-0.5717527402848077	0.165	0.0118503023550597				2	2	2	5	0
ENSG00000253357	CTB-78F1.2	-0.6834113001823425	-0.1812242431685468	0.4943	0.0287376756920892				1	1	1	5	0
ENSG00000134987	WDR36	0.483044683933258	1.422175475135106	0.6291	0.0002359025730407				1	1	1	5	0
ENSG00000171643	S100Z	-0.6553983410157265	-0.043728141079022	0.5122	0.4510721845532099				4	4	4	5	0
ENSG00000161021	MAML1	2.739406778158168	0.8616105356260075	0.006155	0.0202022031683375				3	3	5	5	1
ENSG00000085231	AK6	0.294519454240799	0.0246445098199344	0.7684	0.2885048239187412				1	1	2	5	0
ENSG00000244968	LIFR-AS1	0.083108578792538	0.027478153118727	0.9338	0.0189719360181356				2	2	2	5	0
ENSG00000134982	APC	-1.8346786690827288	-0.655597971717151	0.06655	0.0156817763412459				2	2	6	5	0
ENSG00000125347	IRF1	2.07966312956362	0.0873577191895714	0.03756	1.1395407475344437				5	5	5	5	0
ENSG00000272086	CTD-2186M15.3	8.213668038426489	0.953301863163006	2.145e-16	0.1426128833479719				6	6	6	5	1
ENSG00000248544	CTB-47B11.3	-1.108902787625163	-0.0793790079083893	0.2675	0.3936278354681635				7	7	7	5	0
ENSG00000260686	CTB-36H16.2	6.779762938835469	1.4277110392909824	1.204e-11	0.044749030121929				5	5	9	5	1
ENSG00000175749	EIF3KP1	5.250160080635708	0.622192333149225	1.52e-07	0.1483120163605481				3	3	6	5	1
ENSG00000249492	RP11-159F24.3	-0.390569402294863	-0.1297314752936715	0.6961	0.0182273959200419				3	3	3	5	0
ENSG00000169247	SH3TC2	1.9211864471435551	13.58126616532438	0.05471	4.2252484452178393e-05				1	1	2	5	0
ENSG00000279821	RP11-1334A24.5	-2.644088699499276	-0.5214789646958442	0.008191	0.0515978405850307				3	3	4	5	0
ENSG00000249781	LINC02112	0.5787897275980454	0.0574485053501536	0.5627	0.2041788366669028				4	4	5	5	0
ENSG00000249850	KRT18P31	-0.8504283428192138	-0.0973229345702074	0.3951	0.1645156761113283				1	1	1	5	1
ENSG00000006837		0.0		1.0									1
ENSG00000011083		0.0		1.0									1
ENSG00000013561		0.0		1.0									0
ENSG00000019582		0.0		1.0									0
ENSG00000028310		0.0		1.0									0
ENSG00000037280		0.0		1.0									0
ENSG00000037474		0.0		1.0									1
ENSG00000038382		0.0		1.0									0
ENSG00000039537		0.0		1.0									0
ENSG00000039560		0.0		1.0									0
ENSG00000039600		0.0		1.0									0
ENSG00000044115		0.0		1.0									0
ENSG00000051596		0.0		1.0									0
ENSG00000053108		0.0		1.0									0
ENSG00000055147		0.0		1.0									1
ENSG00000055163		0.0		1.0									0
ENSG00000056097		0.0		1.0									0
ENSG00000058729		0.0		1.0									0
ENSG00000061455		0.0		1.0									0
ENSG00000063438		0.0		1.0									1
ENSG00000064652		0.0		1.0									0
ENSG00000064692		0.0		1.0									0
ENSG00000066583		0.0		1.0									0
ENSG00000069011		0.0		1.0									0
ENSG00000070193		0.0		1.0									0
ENSG00000070614		0.0		1.0									0
ENSG00000070808		0.0		1.0									0
ENSG00000072571		0.0		1.0									0
ENSG00000072682		0.0		1.0									0
ENSG00000072786		0.0		1.0									0
ENSG00000074317		0.0		1.0									0
ENSG00000081059		0.0		1.0									0
ENSG00000081791		0.0		1.0									1
ENSG00000081842		0.0		1.0									0
ENSG00000081853		0.0		1.0									0
ENSG00000082074		0.0		1.0									0
ENSG00000082213		0.0		1.0									0
ENSG00000082515		0.0		1.0									0
ENSG00000083312		0.0		1.0									0
ENSG00000083720		0.0		1.0									0
ENSG00000086200		0.0		1.0									0
ENSG00000091010		0.0		1.0									0
ENSG00000094755		0.0		1.0									0
ENSG00000095015		0.0		1.0									0
ENSG00000112852		0.0		1.0									0
ENSG00000112855		0.0		1.0									1
ENSG00000112977		0.0		1.0									0
ENSG00000112981		0.0		1.0									0
ENSG00000112984		0.0		1.0									0
ENSG00000112996		0.0		1.0									1
ENSG00000113013		0.0		1.0									0
ENSG00000113068		0.0		1.0									0
ENSG00000113070		0.0		1.0									0
ENSG00000113083		0.0		1.0									0
ENSG00000113140		0.0		1.0									0
ENSG00000113141		0.0		1.0									0
ENSG00000113249		0.0		1.0									1
ENSG00000113262		0.0		1.0									1
ENSG00000113282		0.0		1.0									0
ENSG00000113302		0.0		1.0									1
ENSG00000113303		0.0		1.0									0
ENSG00000113328		0.0		1.0									0
ENSG00000113361		0.0		1.0									0
ENSG00000113368		0.0		1.0									1
ENSG00000113369		0.0		1.0									0
ENSG00000113391		0.0		1.0									0
ENSG00000113460		0.0		1.0									0
ENSG00000113522		0.0		1.0									0
ENSG00000113532		0.0		1.0									0
ENSG00000113558		0.0		1.0									0
ENSG00000113575		0.0		1.0									0
ENSG00000113595		0.0		1.0									0
ENSG00000113597		0.0		1.0									0
ENSG00000113600		0.0		1.0									0
ENSG00000113615		0.0		1.0									0
ENSG00000113648		0.0		1.0									1
ENSG00000113657		0.0		1.0									0
ENSG00000113658		0.0		1.0									0
ENSG00000113739		0.0		1.0									0
ENSG00000113761		0.0		1.0									1
ENSG00000113763		0.0		1.0									0
ENSG00000118985		0.0		1.0									0
ENSG00000119048		0.0		1.0									1
ENSG00000120129		0.0		1.0									0
ENSG00000120306		0.0		1.0									1
ENSG00000120709		0.0		1.0									0
ENSG00000120727		0.0		1.0									0
ENSG00000123219		0.0		1.0									0
ENSG00000124275		0.0		1.0									0
ENSG00000129595		0.0		1.0									1
ENSG00000129596		0.0		1.0									0
ENSG00000129625		0.0		1.0									0
ENSG00000130449		0.0		1.0									0
ENSG00000131188		0.0		1.0									0
ENSG00000131446		0.0		1.0									0
ENSG00000131459		0.0		1.0									1
ENSG00000131504		0.0		1.0									0
ENSG00000131732		0.0		1.0									0
ENSG00000132356		0.0		1.0									0
ENSG00000132357		0.0		1.0									0
ENSG00000132563		0.0		1.0									0
ENSG00000132846		0.0		1.0									1
ENSG00000132912		0.0		1.0									0
ENSG00000133302		0.0		1.0									1
ENSG00000133401		0.0		1.0									0
ENSG00000133706		0.0		1.0									0
ENSG00000133710		0.0		1.0									0
ENSG00000133835		0.0		1.0									0
ENSG00000134480		0.0		1.0									1
ENSG00000135077		0.0		1.0									0
ENSG00000135083		0.0		1.0									0
ENSG00000145491		0.0		1.0									0
ENSG00000145495		0.0		1.0									0
ENSG00000145545		0.0		1.0									0
ENSG00000145623		0.0		1.0									0
ENSG00000145632		0.0		1.0									0
ENSG00000145649		0.0		1.0									0
ENSG00000145675		0.0		1.0									0
ENSG00000145687		0.0		1.0									0
ENSG00000145692		0.0		1.0									0
ENSG00000145708		0.0		1.0									0
ENSG00000145721		0.0		1.0									0
ENSG00000145723		0.0		1.0									0
ENSG00000145725		0.0		1.0									0
ENSG00000145730		0.0		1.0									0
ENSG00000145743		0.0		1.0									0
ENSG00000145777		0.0		1.0									0
ENSG00000145781		0.0		1.0									0
ENSG00000145782		0.0		1.0									0
ENSG00000145850		0.0		1.0									0
ENSG00000145860		0.0		1.0									1
ENSG00000145861		0.0		1.0									0
ENSG00000145864		0.0		1.0									0
ENSG00000145907		0.0		1.0									0
ENSG00000145908		0.0		1.0									0
ENSG00000145912		0.0		1.0									0
ENSG00000145916		0.0		1.0									0
ENSG00000145936		0.0		1.0									1
ENSG00000146005		0.0		1.0									0
ENSG00000146063		0.0		1.0									0
ENSG00000150753		0.0		1.0									0
ENSG00000151304		0.0		1.0									0
ENSG00000151876		0.0		1.0									0
ENSG00000151881		0.0		1.0									0
ENSG00000151882		0.0		1.0									0
ENSG00000151883		0.0		1.0									0
ENSG00000152348		0.0		1.0									0
ENSG00000152377		0.0		1.0									0
ENSG00000152380		0.0		1.0									0
ENSG00000152582		0.0		1.0									0
ENSG00000152611		0.0		1.0									0
ENSG00000152620		0.0		1.0									0
ENSG00000152705		0.0		1.0									0
ENSG00000152942		0.0		1.0									0
ENSG00000153006		0.0		1.0									0
ENSG00000153071		0.0		1.0									1
ENSG00000153140		0.0		1.0									1
ENSG00000153395		0.0		1.0									0
ENSG00000153404		0.0		1.0									0
ENSG00000153922		0.0		1.0									1
ENSG00000154153		0.0		1.0									0
ENSG00000155506		0.0		1.0									0
ENSG00000155542		0.0		1.0									0
ENSG00000155858		0.0		1.0									0
ENSG00000155868		0.0		1.0									0
ENSG00000156427		0.0		1.0									0
ENSG00000156453		0.0		1.0									1
ENSG00000157107		0.0		1.0									0
ENSG00000157111		0.0		1.0									0
ENSG00000158987		0.0		1.0									0
ENSG00000160867		0.0		1.0									1
ENSG00000164172		0.0		1.0									1
ENSG00000164175		0.0		1.0									0
ENSG00000164182		0.0		1.0									0
ENSG00000164187		0.0		1.0									1
ENSG00000164190		0.0		1.0									1
ENSG00000164199		0.0		1.0									0
ENSG00000164220		0.0		1.0									0
ENSG00000164241		0.0		1.0									1
ENSG00000164244		0.0		1.0									0
ENSG00000164251		0.0		1.0									0
ENSG00000164253		0.0		1.0									0
ENSG00000164296		0.0		1.0									0
ENSG00000164300		0.0		1.0									0
ENSG00000164307		0.0		1.0									0
ENSG00000164330		0.0		1.0									0
ENSG00000164332		0.0		1.0									0
ENSG00000164334		0.0		1.0									0
ENSG00000164338		0.0		1.0									1
ENSG00000164347		0.0		1.0									0
ENSG00000164403		0.0		1.0									0
ENSG00000164405		0.0		1.0									0
ENSG00000164574		0.0		1.0									1
ENSG00000164576		0.0		1.0									1
ENSG00000164587		0.0		1.0									0
ENSG00000164609		0.0		1.0									0
ENSG00000164615		0.0		1.0									0
ENSG00000164616		0.0		1.0									0
ENSG00000164620		0.0		1.0									0
ENSG00000165671		0.0		1.0									0
ENSG00000168246		0.0		1.0									1
ENSG00000168916		0.0		1.0									0
ENSG00000169228		0.0		1.0									0
ENSG00000169252		0.0		1.0									0
ENSG00000169567		0.0		1.0									0
ENSG00000169570		0.0		1.0									0
ENSG00000169862		0.0		1.0									0
ENSG00000170074		0.0		1.0									0
ENSG00000170085		0.0		1.0									0
ENSG00000170089		0.0		1.0									0
ENSG00000170231		0.0		1.0									0
ENSG00000170476		0.0		1.0									0
ENSG00000170584		0.0		1.0									0
ENSG00000171368		0.0		1.0									0
ENSG00000171522		0.0		1.0									0
ENSG00000171604		0.0		1.0									0
ENSG00000171617		0.0		1.0									1
ENSG00000171720		0.0		1.0									0
ENSG00000172058		0.0		1.0									0
ENSG00000173261		0.0		1.0									0
ENSG00000174136		0.0		1.0									0
ENSG00000175414		0.0		1.0									0
ENSG00000175471		0.0		1.0									0
ENSG00000175745		0.0		1.0									0
ENSG00000175857		0.0		1.0									0
ENSG00000176018		0.0		1.0									0
ENSG00000176055		0.0		1.0									0
ENSG00000176788		0.0		1.0									1
ENSG00000177058		0.0		1.0									0
ENSG00000177556		0.0		1.0									0
ENSG00000177932		0.0		1.0									0
ENSG00000178175		0.0		1.0									0
ENSG00000178776		0.0		1.0									0
ENSG00000178913		0.0		1.0									1
ENSG00000178996		0.0		1.0									1
ENSG00000181104		0.0		1.0									0
ENSG00000181163		0.0		1.0									0
ENSG00000181751		0.0		1.0									0
ENSG00000182132		0.0		1.0									0
ENSG00000182578		0.0		1.0									0
ENSG00000182836		0.0		1.0									0
ENSG00000183072		0.0		1.0									0
ENSG00000183111		0.0		1.0									1
ENSG00000183258		0.0		1.0									1
ENSG00000183580		0.0		1.0									0
ENSG00000183718		0.0		1.0									0
ENSG00000183775		0.0		1.0									0
ENSG00000183876		0.0		1.0									0
ENSG00000184584		0.0		1.0									1
ENSG00000184838		0.0		1.0									0
ENSG00000184840		0.0		1.0									1
ENSG00000185056		0.0		1.0									0
ENSG00000185129		0.0		1.0									0
ENSG00000185305		0.0		1.0									0
ENSG00000185986		0.0		1.0									0
ENSG00000186105		0.0		1.0									0
ENSG00000186468		0.0		1.0									0
ENSG00000186479		0.0		1.0									0
ENSG00000186493		0.0		1.0									0
ENSG00000186952		0.0		1.0									0
ENSG00000187678		0.0		1.0									0
ENSG00000188002		0.0		1.0									0
ENSG00000188818		0.0		1.0									0
ENSG00000196670		0.0		1.0									0
ENSG00000196743		0.0		1.0									0
ENSG00000197226		0.0		1.0									0
ENSG00000197744		0.0		1.0									0
ENSG00000197822		0.0		1.0									0
ENSG00000198780		0.0		1.0									0
ENSG00000198939		0.0		1.0									0
ENSG00000198961		0.0		1.0									0
ENSG00000204962		0.0		1.0									0
ENSG00000204963		0.0		1.0									0
ENSG00000204967		0.0		1.0									0
ENSG00000205089		0.0		1.0									0
ENSG00000205572		0.0		1.0									0
ENSG00000205765		0.0		1.0									0
ENSG00000206077		0.0		1.0									0
ENSG00000211445		0.0		1.0									0
ENSG00000213430		0.0		1.0									0
ENSG00000213433		0.0		1.0									0
ENSG00000213757		0.0		1.0									0
ENSG00000213891		0.0		1.0									0
ENSG00000213949		0.0		1.0									0
ENSG00000214485		0.0		1.0									0
ENSG00000214510		0.0		1.0									0
ENSG00000214784		0.0		1.0									0
ENSG00000214944		0.0		1.0									0
ENSG00000215006		0.0		1.0									0
ENSG00000215196		0.0		1.0									0
ENSG00000215217		0.0		1.0									0
ENSG00000215218		0.0		1.0									0
ENSG00000217128		0.0		1.0									0
ENSG00000218227		0.0		1.0									0
ENSG00000221886		0.0		1.0									1
ENSG00000223652		0.0		1.0									0
ENSG00000224032		0.0		1.0									0
ENSG00000225051		0.0		1.0									0
ENSG00000225940		0.0		1.0									1
ENSG00000226221		0.0		1.0									0
ENSG00000227908		0.0		1.0									0
ENSG00000228650		0.0		1.0									1
ENSG00000228716		0.0		1.0									1
ENSG00000228737		0.0		1.0									0
ENSG00000230561		0.0		1.0									0
ENSG00000231185		0.0		1.0									0
ENSG00000232578		0.0		1.0									0
ENSG00000233913		0.0		1.0									0
ENSG00000234602		0.0		1.0									0
ENSG00000235172		0.0		1.0									0
ENSG00000235253		0.0		1.0									0
ENSG00000237187		0.0		1.0									0
ENSG00000238000		0.0		1.0									0
ENSG00000238035		0.0		1.0									1
ENSG00000238363		0.0		1.0									0
ENSG00000239528		0.0		1.0									0
ENSG00000239642		0.0		1.0									1
ENSG00000240184		0.0		1.0									0
ENSG00000240376		0.0		1.0									1
ENSG00000242419		0.0		1.0									1
ENSG00000242477		0.0		1.0									1
ENSG00000243056		0.0		1.0									0
ENSG00000244061		0.0		1.0									1
ENSG00000244245		0.0		1.0									0
ENSG00000244945		0.0		1.0									0
ENSG00000245060		0.0		1.0									0
ENSG00000245317		0.0		1.0									0
ENSG00000246334		0.0		1.0									0
ENSG00000246596		0.0		1.0									0
ENSG00000247049		0.0		1.0									1
ENSG00000247121		0.0		1.0									0
ENSG00000247199		0.0		1.0									0
ENSG00000247311		0.0		1.0									0
ENSG00000247572		0.0		1.0									0
ENSG00000247828		0.0		1.0									0
ENSG00000248275		0.0		1.0									1
ENSG00000248323		0.0		1.0									0
ENSG00000248449		0.0		1.0									0
ENSG00000248469		0.0		1.0									0
ENSG00000248514		0.0		1.0									0
ENSG00000248554		0.0		1.0									0
ENSG00000248560		0.0		1.0									0
ENSG00000248569		0.0		1.0									0
ENSG00000248626		0.0		1.0									1
ENSG00000248663		0.0		1.0									1
ENSG00000248668		0.0		1.0									0
ENSG00000248727		0.0		1.0									0
ENSG00000248846		0.0		1.0									0
ENSG00000248923		0.0		1.0									1
ENSG00000248927		0.0		1.0									0
ENSG00000249014		0.0		1.0									0
ENSG00000249042		0.0		1.0									0
ENSG00000249119		0.0		1.0									0
ENSG00000249129		0.0		1.0									0
ENSG00000249201		0.0		1.0									0
ENSG00000249353		0.0		1.0									0
ENSG00000249485		0.0		1.0									1
ENSG00000249572		0.0		1.0									0
ENSG00000249664		0.0		1.0									0
ENSG00000249669		0.0		1.0									0
ENSG00000249684		0.0		1.0									0
ENSG00000249740		0.0		1.0									0
ENSG00000249825		0.0		1.0									0
ENSG00000249908		0.0		1.0									0
ENSG00000249915		0.0		1.0									0
ENSG00000249996		0.0		1.0									0
ENSG00000250048		0.0		1.0									0
ENSG00000250069		0.0		1.0									0
ENSG00000250120		0.0		1.0									0
ENSG00000250138		0.0		1.0									0
ENSG00000250237		0.0		1.0									1
ENSG00000250240		0.0		1.0									0
ENSG00000250329		0.0		1.0									0
ENSG00000250343		0.0		1.0									1
ENSG00000250387		0.0		1.0									0
ENSG00000250415		0.0		1.0									0
ENSG00000250509		0.0		1.0									1
ENSG00000250579		0.0		1.0									0
ENSG00000250602		0.0		1.0									1
ENSG00000250669		0.0		1.0									0
ENSG00000250678		0.0		1.0									0
ENSG00000250722		0.0		1.0									1
ENSG00000250764		0.0		1.0									0
ENSG00000250786		0.0		1.0									0
ENSG00000250802		0.0		1.0									1
ENSG00000250853		0.0		1.0									1
ENSG00000250882		0.0		1.0									0
ENSG00000250889		0.0		1.0									0
ENSG00000250999		0.0		1.0									0
ENSG00000251023		0.0		1.0									0
ENSG00000251076		0.0		1.0									0
ENSG00000251093		0.0		1.0									0
ENSG00000251102		0.0		1.0									0
ENSG00000251141		0.0		1.0									0
ENSG00000251187		0.0		1.0									0
ENSG00000251189		0.0		1.0									0
ENSG00000251314		0.0		1.0									0
ENSG00000251348		0.0		1.0									0
ENSG00000251400		0.0		1.0									1
ENSG00000251405		0.0		1.0									0
ENSG00000251414		0.0		1.0									0
ENSG00000251450		0.0		1.0									0
ENSG00000251493		0.0		1.0									0
ENSG00000252464		0.0		1.0									0
ENSG00000253159		0.0		1.0									0
ENSG00000253203		0.0		1.0									0
ENSG00000253213		0.0		1.0									0
ENSG00000253251		0.0		1.0									0
ENSG00000253305		0.0		1.0									0
ENSG00000253520		0.0		1.0									0
ENSG00000253537		0.0		1.0									0
ENSG00000253558		0.0		1.0									0
ENSG00000253785		0.0		1.0									0
ENSG00000253846		0.0		1.0									0
ENSG00000253921		0.0		1.0									0
ENSG00000253953		0.0		1.0									1
ENSG00000253955		0.0		1.0									0
ENSG00000253966		0.0		1.0									0
ENSG00000253968		0.0		1.0									0
ENSG00000253978		0.0		1.0									0
ENSG00000254035		0.0		1.0									0
ENSG00000254042		0.0		1.0									0
ENSG00000254164		0.0		1.0									0
ENSG00000254211		0.0		1.0									0
ENSG00000254221		0.0		1.0									0
ENSG00000254226		0.0		1.0									0
ENSG00000254298		0.0		1.0									0
ENSG00000254333		0.0		1.0									0
ENSG00000254363		0.0		1.0									0
ENSG00000254373		0.0		1.0									0
ENSG00000255833		0.0		1.0									0
ENSG00000260581		0.0		1.0									0
ENSG00000260761		0.0		1.0									0
ENSG00000261037		0.0		1.0									1
ENSG00000262576		0.0		1.0									0
ENSG00000270133		0.0		1.0									0
ENSG00000270177		0.0		1.0									0
ENSG00000270307		0.0		1.0									1
ENSG00000270558		0.0		1.0									0
ENSG00000270706		0.0		1.0									0
ENSG00000270906		0.0		1.0									0
ENSG00000271788		0.0		1.0									0
ENSG00000271795		0.0		1.0									0
ENSG00000271797		0.0		1.0									1
ENSG00000271815		0.0		1.0									0
ENSG00000271980		0.0		1.0									0
ENSG00000272049		0.0		1.0									1
ENSG00000272070		0.0		1.0									1
ENSG00000272103		0.0		1.0									1
ENSG00000272123		0.0		1.0									0
ENSG00000272265		0.0		1.0									0
ENSG00000272323		0.0		1.0									1
ENSG00000272335		0.0		1.0									0
ENSG00000272354		0.0		1.0									0
ENSG00000272367		0.0		1.0									0
ENSG00000272389		0.0		1.0									0
ENSG00000272431		0.0		1.0									0
ENSG00000272674		0.0		1.0									0
ENSG00000274525		0.0		1.0									0
ENSG00000275765		0.0		1.0									0
ENSG00000277039		0.0		1.0									0
ENSG00000278925		0.0		1.0									0
ENSG00000278970		0.0		1.0									0
ENSG00000279075		0.0		1.0									0
ENSG00000279204		0.0		1.0									0
ENSG00000279232		0.0		1.0									0
ENSG00000279370		0.0		1.0									1
ENSG00000279522		0.0		1.0									0
ENSG00000279557		0.0		1.0									0
ENSG00000279799		0.0		1.0									0
ENSG00000279908		0.0		1.0									0
ENSG00000280047		0.0		1.0									0
ENSG00000280187		0.0		1.0									0
ENSG00000280207		0.0		1.0									1
ENSG00000280338		0.0		1.0									0
ENSG00000281398		0.0		1.0									0
ENSG00000281881		0.0		1.0									0
ENSG00000283235		0.0		1.0									0
ENSG00000283498		0.0		1.0									0
ENSG00000283602		0.0		1.0									0
ENSG00000283897		0.0		1.0									0
